model,fips_state,parameter,element,hyperdistribution,2023-2024,2024-2025,2025-2026
SIR-1S,0,rho_h,0,lognorm,0.006348522132793,0.0152753969249581,0.0176972629272266
SIR-1S,0,f_R,0,norm,0.3620535560839353,0.3042023972091114,0.3649854630088614
SIR-1S,0,f_I,0,lognorm,0.0002302787159313,1.5533440721116887e-05,7.13678618774804e-05
SIR-1S,0,beta,0,norm,0.4549614854915575,0.444381874855751,0.4612342778560477
SIR-1S,0,delta_beta_temporal,0,norm,0.0848144394451269,0.1212374705255722,-0.0051504594043606
SIR-1S,0,delta_beta_temporal,1,norm,0.1258828526397071,0.1037565215784535,0.1190062749944037
SIR-1S,0,delta_beta_temporal,2,norm,0.1269394913785948,0.0462816688831315,0.1590413109500926
SIR-1S,0,delta_beta_temporal,3,norm,0.1415569883114407,0.0830800844859597,0.1669696792842024
SIR-1S,0,delta_beta_temporal,4,norm,0.2508421093006943,0.2523211560256025,0.3263779410251174
SIR-1S,0,delta_beta_temporal,5,norm,-0.0160008760982798,-0.0721213909179251,-0.1271931386007508
SIR-1S,0,delta_beta_temporal,6,norm,0.0275838841455761,0.0733871381527496,-0.105968073775266
SIR-1S,0,delta_beta_temporal,7,norm,0.0948927658998537,0.048758663682083,0.0795339129783198
SIR-1S,0,delta_beta_temporal,8,norm,0.1392337563586675,-0.070070592027184,-0.0367537483630788
SIR-1S,0,delta_beta_temporal,9,norm,0.0875415206762154,-0.0604757280545725,-0.0349537721054696
SIR-1S,0,delta_beta_temporal,10,norm,0.0691701852643372,-0.0879645163205807,-0.1419749001446202
SIR-1S,0,delta_beta_temporal,11,norm,0.1344345221423149,-0.1153701773704129,-0.0491636947825528
SIR-1S,1,rho_h,0,lognorm,0.0035592691537164,0.0070446409555565,0.0061039283810784
SIR-1S,1,f_R,0,norm,0.3162655489571043,0.2601435185498141,0.297917262407712
SIR-1S,1,f_I,0,lognorm,0.0001478300121384,5.192182927795673e-06,9.362146251360375e-05
SIR-1S,1,beta,0,norm,0.4730798833158957,0.4663606609859343,0.4528900555790459
SIR-1S,1,delta_beta_temporal,0,norm,-0.0398648866811825,0.0046255585789356,-0.1224787474291952
SIR-1S,1,delta_beta_temporal,1,norm,0.007422639809816,0.010558844780828,-0.025599734596743
SIR-1S,1,delta_beta_temporal,2,norm,-0.0185142881555168,-0.0510998068396254,0.0275842696820471
SIR-1S,1,delta_beta_temporal,3,norm,0.0480861516039125,0.0773101265908532,0.1326137404070054
SIR-1S,1,delta_beta_temporal,4,norm,0.147659843847976,0.1122190043756699,0.2394940045608633
SIR-1S,1,delta_beta_temporal,5,norm,-0.0402056609559581,-0.1903752401858593,-0.1847987435784004
SIR-1S,1,delta_beta_temporal,6,norm,-0.0928802706246583,0.0409504964921578,-0.0199207373185374
SIR-1S,1,delta_beta_temporal,7,norm,0.0418288247553745,-0.0495092633521105,0.1809541453672769
SIR-1S,1,delta_beta_temporal,8,norm,0.0684224719200174,-0.0837669499627956,-0.0634694554052934
SIR-1S,1,delta_beta_temporal,9,norm,0.0893067938719607,0.0787395145169159,-0.095987752568668
SIR-1S,1,delta_beta_temporal,10,norm,0.0722815749558428,-0.0312774660369068,-0.0512965907960988
SIR-1S,1,delta_beta_temporal,11,norm,-0.021746804501827,-0.0527939669003932,0.0572893588436169
SIR-1S,2,rho_h,0,lognorm,0.0022551221440707,0.0054178127444285,0.0030913022313803
SIR-1S,2,f_R,0,norm,0.3087457795020323,0.2977638743540817,0.3001248876020511
SIR-1S,2,f_I,0,lognorm,0.0009183559553699,6.02501224319266e-05,4.1640553194619075e-05
SIR-1S,2,beta,0,norm,0.4791518979071939,0.4658901852784204,0.4771189524218553
SIR-1S,2,delta_beta_temporal,0,norm,0.0337508059296966,-0.03415120506706,-0.0456025434321683
SIR-1S,2,delta_beta_temporal,1,norm,-0.0114518879256004,-0.019778647026289,-0.0156812645789555
SIR-1S,2,delta_beta_temporal,2,norm,-0.0476287700489321,-0.0108889052914759,0.0301550033435217
SIR-1S,2,delta_beta_temporal,3,norm,-0.0247271930208879,0.0039960779949917,0.0825639116902556
SIR-1S,2,delta_beta_temporal,4,norm,-0.0171047733057102,0.0277079935436838,0.1367771372683682
SIR-1S,2,delta_beta_temporal,5,norm,0.0178412344292632,-0.0309279671546921,-0.0534514505032265
SIR-1S,2,delta_beta_temporal,6,norm,0.0236599694783225,-0.0602212074875549,-0.0389629390103276
SIR-1S,2,delta_beta_temporal,7,norm,0.0242778965496948,0.0527751691494317,0.0135436229912076
SIR-1S,2,delta_beta_temporal,8,norm,0.0175319584915368,0.0944365202983902,0.0229676088014262
SIR-1S,2,delta_beta_temporal,9,norm,0.0225012656108077,0.0327768830278907,0.0482103348819153
SIR-1S,2,delta_beta_temporal,10,norm,0.0089139616126575,0.0182375242125953,0.0077264733023721
SIR-1S,2,delta_beta_temporal,11,norm,0.0062974022241693,0.020100813586192,0.0034176826663572
SIR-1S,4,rho_h,0,lognorm,0.0083921129586512,0.014281499424107,0.0058125563731027
SIR-1S,4,f_R,0,norm,0.263926881568337,0.2338861445635778,0.3099209961182165
SIR-1S,4,f_I,0,lognorm,2.6145594606636113e-05,1.5594063742673842e-05,4.54253563577164e-05
SIR-1S,4,beta,0,norm,0.458000620753322,0.4505408838393508,0.4628749343693358
SIR-1S,4,delta_beta_temporal,0,norm,-0.0276986579597185,0.0783330244079158,-0.0803162359814039
SIR-1S,4,delta_beta_temporal,1,norm,0.0461475122343114,-0.0121526487403443,-0.0267899735601778
SIR-1S,4,delta_beta_temporal,2,norm,-0.0450290606038416,-0.0366992093723754,0.0284210472160493
SIR-1S,4,delta_beta_temporal,3,norm,0.0383260626465341,-0.0478777140893001,0.050835485329151
SIR-1S,4,delta_beta_temporal,4,norm,0.0626854993473521,0.1233925808973884,0.2073426162457194
SIR-1S,4,delta_beta_temporal,5,norm,-0.1448776951678051,-0.1743809870551927,-0.1824034123807238
SIR-1S,4,delta_beta_temporal,6,norm,-0.0663965734023039,-0.1268391550216547,-0.0237771200546053
SIR-1S,4,delta_beta_temporal,7,norm,-0.2318433252391687,-0.0004702979403196,0.1051705806528962
SIR-1S,4,delta_beta_temporal,8,norm,0.01086125486605,0.0196102078643021,-0.0611921689364626
SIR-1S,4,delta_beta_temporal,9,norm,-0.0455939843699784,-0.0230593410250044,-0.0886255666147531
SIR-1S,4,delta_beta_temporal,10,norm,-0.0176650391947129,-0.0523012505942546,-0.0906168084603048
SIR-1S,4,delta_beta_temporal,11,norm,0.0603962332864568,-0.0764614768033133,-0.0267541121298269
SIR-1S,5,rho_h,0,lognorm,0.0063178449178877,0.0068456091726579,0.0040910341939654
SIR-1S,5,f_R,0,norm,0.2989495528970826,0.2768412203287566,0.2878919961854519
SIR-1S,5,f_I,0,lognorm,7.103004346908745e-05,4.994994183353028e-06,2.076052891153632e-05
SIR-1S,5,beta,0,norm,0.4633229462788283,0.4719699444343289,0.4789276774053095
SIR-1S,5,delta_beta_temporal,0,norm,-0.0712115817897939,-0.039642414539967,-0.0422712179263495
SIR-1S,5,delta_beta_temporal,1,norm,-0.0388441719481384,-0.034479072843802,0.0004304036195152
SIR-1S,5,delta_beta_temporal,2,norm,-0.0259101329517268,-0.026498013302179,0.0445700897586902
SIR-1S,5,delta_beta_temporal,3,norm,-0.0122525974550955,0.028243855168211,-0.0021207798717657
SIR-1S,5,delta_beta_temporal,4,norm,0.1450395149307024,0.0949670257341028,0.1236621188011745
SIR-1S,5,delta_beta_temporal,5,norm,0.0134397167082681,-0.0770955442548015,-0.1694254463444454
SIR-1S,5,delta_beta_temporal,6,norm,-0.0028382369655223,0.1037865613191183,0.0317610223873104
SIR-1S,5,delta_beta_temporal,7,norm,0.0360520965985854,0.0580282673932952,0.1427728498195747
SIR-1S,5,delta_beta_temporal,8,norm,0.0869244818948958,-0.0678418339472671,0.0026537590656137
SIR-1S,5,delta_beta_temporal,9,norm,0.0760495563132774,0.0581858030194122,0.0182518295498983
SIR-1S,5,delta_beta_temporal,10,norm,-0.0405577652226935,-0.0132044978070966,-0.0369244751485218
SIR-1S,5,delta_beta_temporal,11,norm,0.0445298128007648,-0.0254046266713029,-0.0220608094821197
SIR-1S,6,rho_h,0,lognorm,0.0030212774092704,0.0073291351561038,0.0078883989465672
SIR-1S,6,f_R,0,norm,0.3090980817475799,0.2438459833317353,0.3436882056439402
SIR-1S,6,f_I,0,lognorm,8.755887078252873e-05,1.2068854746459751e-05,9.010117394910022e-05
SIR-1S,6,beta,0,norm,0.4523858648705556,0.4439480579103744,0.4639033830512254
SIR-1S,6,delta_beta_temporal,0,norm,-0.0308738895930155,-0.0100122668249113,-0.0480345394659566
SIR-1S,6,delta_beta_temporal,1,norm,0.1783616276720395,0.0278510233196848,-0.0205175588637617
SIR-1S,6,delta_beta_temporal,2,norm,0.0950406656044623,0.0502330120537766,0.0207171370403381
SIR-1S,6,delta_beta_temporal,3,norm,0.0748862258462737,0.0269500091762313,0.1236347634868525
SIR-1S,6,delta_beta_temporal,4,norm,0.1191258737267529,0.0976268341172284,0.2312770185729998
SIR-1S,6,delta_beta_temporal,5,norm,-0.0930971093778156,-0.1393817780335092,-0.0332793468318961
SIR-1S,6,delta_beta_temporal,6,norm,-0.0354733314238206,0.0384176983899429,0.0104022093123942
SIR-1S,6,delta_beta_temporal,7,norm,-0.0769068301182236,-0.0678680884321772,0.085051069519231
SIR-1S,6,delta_beta_temporal,8,norm,0.0051616066119402,-0.1443289055135728,-0.0880598451260333
SIR-1S,6,delta_beta_temporal,9,norm,0.0108700223365975,-0.0642783635580371,-0.1004429499447215
SIR-1S,6,delta_beta_temporal,10,norm,0.0824542356963081,-0.0623769290583375,-0.0694734326035033
SIR-1S,6,delta_beta_temporal,11,norm,0.1324460265669578,-0.0258667469308236,-0.0698300913336741
SIR-1S,8,rho_h,0,lognorm,0.0036491602161511,0.005879543775097,0.0044740320863251
SIR-1S,8,f_R,0,norm,0.2987254847703463,0.2760296165401802,0.2700319049390818
SIR-1S,8,f_I,0,lognorm,5.433951810524796e-05,8.656247458952116e-06,1.554932891373321e-05
SIR-1S,8,beta,0,norm,0.4702778416642592,0.4713451405834334,0.4685617016002774
SIR-1S,8,delta_beta_temporal,0,norm,-0.0114207596436828,-0.0085876269226011,-0.026377114983627
SIR-1S,8,delta_beta_temporal,1,norm,0.0796157100860141,-0.0274372965035439,0.0398421854958759
SIR-1S,8,delta_beta_temporal,2,norm,0.0110893137490703,-0.0015810651777413,0.0677378591869123
SIR-1S,8,delta_beta_temporal,3,norm,-0.0054022270819796,-0.0161558273072723,0.024660846320164
SIR-1S,8,delta_beta_temporal,4,norm,0.0570532106539974,0.2036146861951584,0.1451364128555239
SIR-1S,8,delta_beta_temporal,5,norm,-0.0551205644044734,-0.1173309436348417,-0.1816769356186982
SIR-1S,8,delta_beta_temporal,6,norm,-0.031677920148428,-0.0711094796476278,-0.1868099134401691
SIR-1S,8,delta_beta_temporal,7,norm,0.0227142082715387,0.0769756855959534,0.0116674141442119
SIR-1S,8,delta_beta_temporal,8,norm,-0.0150601821291609,-0.0262747117189583,0.0837269273138963
SIR-1S,8,delta_beta_temporal,9,norm,0.0624256416681448,-0.0342994307828136,0.0740217317585351
SIR-1S,8,delta_beta_temporal,10,norm,0.0822083610815917,-0.036290730401982,-0.0413150903995684
SIR-1S,8,delta_beta_temporal,11,norm,0.0282242860081021,-5.669570177471196e-05,0.0253934428648741
SIR-1S,9,rho_h,0,lognorm,0.0043699199045404,0.0056243268399282,0.0047778785781047
SIR-1S,9,f_R,0,norm,0.3032125633042233,0.2848007361147459,0.2774561613224873
SIR-1S,9,f_I,0,lognorm,3.1544461090005446e-05,3.1167949105273385e-06,7.943062236146475e-06
SIR-1S,9,beta,0,norm,0.4711758780564051,0.4845400853217126,0.4890964289105954
SIR-1S,9,delta_beta_temporal,0,norm,-0.0352057391088794,-0.0341204428889024,-0.0485578864488422
SIR-1S,9,delta_beta_temporal,1,norm,0.0028470603969944,-0.0602581485482634,-0.0310348611380667
SIR-1S,9,delta_beta_temporal,2,norm,0.057065713305471,-0.0399027820602166,0.0710713419883105
SIR-1S,9,delta_beta_temporal,3,norm,0.0601464529810692,0.0077858047062002,0.0760271393617119
SIR-1S,9,delta_beta_temporal,4,norm,0.0293554282193884,0.1985589967515837,0.1478817699043835
SIR-1S,9,delta_beta_temporal,5,norm,-0.075838079318747,-0.0684345095008253,-0.142611019295587
SIR-1S,9,delta_beta_temporal,6,norm,-0.0562751016017212,0.0027617162203907,-0.2553104821524675
SIR-1S,9,delta_beta_temporal,7,norm,-0.0167747504029208,0.0321865983618795,-0.070171297586
SIR-1S,9,delta_beta_temporal,8,norm,0.122045381558925,-0.0748930231340928,0.0508273418800484
SIR-1S,9,delta_beta_temporal,9,norm,-0.0093859183598046,-0.0587937250195137,0.1083671751427251
SIR-1S,9,delta_beta_temporal,10,norm,0.0100432792437819,-0.0134411387407261,0.1240198318314538
SIR-1S,9,delta_beta_temporal,11,norm,0.0791076629981134,0.0252772452075021,0.0814520988641261
SIR-1S,10,rho_h,0,lognorm,0.0028846311790515,0.0071197789965127,0.0055452222026574
SIR-1S,10,f_R,0,norm,0.3049407682719902,0.2680003781551413,0.2734854844910246
SIR-1S,10,f_I,0,lognorm,5.043350861723565e-05,5.982813605297619e-06,1.0296147996031098e-05
SIR-1S,10,beta,0,norm,0.4712504452079099,0.4711260570838226,0.479749199406286
SIR-1S,10,delta_beta_temporal,0,norm,-0.0424217184960821,-0.0483541928610547,-0.0575623357869084
SIR-1S,10,delta_beta_temporal,1,norm,-0.0268219472123378,-0.0313189619964469,-0.0295237025509209
SIR-1S,10,delta_beta_temporal,2,norm,0.0083839147760739,-0.0280790487210019,-0.0066077293732589
SIR-1S,10,delta_beta_temporal,3,norm,0.0622336505679854,0.0404025785151393,0.074977628547189
SIR-1S,10,delta_beta_temporal,4,norm,0.0909654772346729,0.1431324570318388,0.1511512341976344
SIR-1S,10,delta_beta_temporal,5,norm,-0.0379917943043174,-0.0937655512094065,-0.075420333792039
SIR-1S,10,delta_beta_temporal,6,norm,-0.0363112531693276,-0.0111483274098035,-0.0678613856229912
SIR-1S,10,delta_beta_temporal,7,norm,0.0271562741560434,0.1402713746927377,0.003235986142286
SIR-1S,10,delta_beta_temporal,8,norm,0.0456904252936673,0.0063737476536372,0.0903824054399398
SIR-1S,10,delta_beta_temporal,9,norm,0.0429128787183325,0.0173985734663845,0.0654597868923555
SIR-1S,10,delta_beta_temporal,10,norm,0.0267205396275604,0.0435866901447676,0.0038195775778424
SIR-1S,10,delta_beta_temporal,11,norm,0.0111659480516908,0.0178503733265209,-0.0107516194174426
SIR-1S,11,rho_h,0,lognorm,0.0042533857623758,0.0087048465496621,0.0030513286685854
SIR-1S,11,f_R,0,norm,0.2970366253838551,0.2673660852583873,0.2826982845534164
SIR-1S,11,f_I,0,lognorm,4.325174805432012e-05,3.520017477377365e-06,3.460086914551253e-05
SIR-1S,11,beta,0,norm,0.470856599087289,0.4714225067583799,0.48466805126208
SIR-1S,11,delta_beta_temporal,0,norm,-0.0358875148729479,-0.0374396248644094,-0.0518985385745315
SIR-1S,11,delta_beta_temporal,1,norm,-0.0114195002360397,-0.0415799199449629,0.0008162843161956
SIR-1S,11,delta_beta_temporal,2,norm,0.0239630261743239,-0.0267114535139681,0.0159633303231468
SIR-1S,11,delta_beta_temporal,3,norm,0.0384654213351958,-0.0088135231732724,0.0514595652849787
SIR-1S,11,delta_beta_temporal,4,norm,0.0583038906363597,0.0694827015253008,0.1442300060363763
SIR-1S,11,delta_beta_temporal,5,norm,-0.0620051805681295,-0.0557440985783328,0.0397958400781587
SIR-1S,11,delta_beta_temporal,6,norm,-0.1041313968539482,0.1311177757537304,-0.0204097506263744
SIR-1S,11,delta_beta_temporal,7,norm,-0.0202082587385514,-0.0539598039247783,-0.0145345274499513
SIR-1S,11,delta_beta_temporal,8,norm,0.0528607803600585,0.0051331521631049,-0.0010618347633904
SIR-1S,11,delta_beta_temporal,9,norm,0.0906498383695292,0.1105246578083175,0.0066313188808781
SIR-1S,11,delta_beta_temporal,10,norm,0.0531997974244594,0.0852792042221935,0.0028313418755639
SIR-1S,11,delta_beta_temporal,11,norm,0.0529755360774861,-0.0252538152055873,0.0018758881235515
SIR-1S,12,rho_h,0,lognorm,0.0082267306507014,0.0144725344559947,0.0158538313476803
SIR-1S,12,f_R,0,norm,0.3312792698172587,0.252093525406165,0.2740294855163653
SIR-1S,12,f_I,0,lognorm,0.0003523332879617,3.412657350958565e-05,0.0001460024967272
SIR-1S,12,beta,0,norm,0.4525067658324145,0.4269233332109057,0.4195705320527687
SIR-1S,12,delta_beta_temporal,0,norm,0.0323207551857969,-0.0200514695000839,-0.0550466737564202
SIR-1S,12,delta_beta_temporal,1,norm,0.0738987678603287,0.1073841851012281,0.0591500262142082
SIR-1S,12,delta_beta_temporal,2,norm,0.0441313475224304,-0.0059352604574188,0.0987412226486106
SIR-1S,12,delta_beta_temporal,3,norm,-0.0033594947370954,-0.0212881250851728,0.0105394719864303
SIR-1S,12,delta_beta_temporal,4,norm,0.1363872354227834,0.1511642153529035,0.1864843531336532
SIR-1S,12,delta_beta_temporal,5,norm,0.0009346566312252,-0.0602394122877592,-0.0418510224361865
SIR-1S,12,delta_beta_temporal,6,norm,-0.0445326181811482,0.0506802045684462,-0.109547474844642
SIR-1S,12,delta_beta_temporal,7,norm,0.0686844710858838,-0.041686225918523,0.166046701567034
SIR-1S,12,delta_beta_temporal,8,norm,0.0107849315597669,-0.1121488089985023,-0.0750511675225721
SIR-1S,12,delta_beta_temporal,9,norm,0.0761887727694346,-0.0585116273927888,-0.1171419907305468
SIR-1S,12,delta_beta_temporal,10,norm,0.0446637626535381,-0.0491317722949458,-0.1537336392835103
SIR-1S,12,delta_beta_temporal,11,norm,0.067504640486988,-0.085593711493897,-0.0242507502238752
SIR-1S,13,rho_h,0,lognorm,0.0044400467342413,0.005294922737231,0.0045605150204485
SIR-1S,13,f_R,0,norm,0.3236664750172025,0.2853679072440056,0.2915459901887505
SIR-1S,13,f_I,0,lognorm,0.0001224688163656,3.3556184219291447e-06,4.816470122542668e-05
SIR-1S,13,beta,0,norm,0.4687639854425398,0.4819617101535416,0.4653670227008389
SIR-1S,13,delta_beta_temporal,0,norm,-0.0679346200283051,-0.0225531586640319,-0.0892773765552439
SIR-1S,13,delta_beta_temporal,1,norm,0.0736197074443979,0.0009570399469391,-0.0097705656224849
SIR-1S,13,delta_beta_temporal,2,norm,0.0261848347619609,-0.0592855456785589,0.0376587588985364
SIR-1S,13,delta_beta_temporal,3,norm,0.0882047827910891,0.0555819052909341,0.0749678907816997
SIR-1S,13,delta_beta_temporal,4,norm,0.2101994056624139,0.165294816693843,0.2714629376264694
SIR-1S,13,delta_beta_temporal,5,norm,-0.1100333709759375,-0.1372862174413665,-0.2468953850754995
SIR-1S,13,delta_beta_temporal,6,norm,-0.0005922368382383,0.0366503052896454,-0.1052954696140991
SIR-1S,13,delta_beta_temporal,7,norm,0.0134370472255208,-0.0394471857800845,0.1467600457924594
SIR-1S,13,delta_beta_temporal,8,norm,0.0447851392316196,-0.1561552055933295,0.0112004848432807
SIR-1S,13,delta_beta_temporal,9,norm,0.0376979484783456,0.0777836371954269,-0.0341057151907096
SIR-1S,13,delta_beta_temporal,10,norm,0.0128114084510411,-0.0268788485453455,-0.0586033652305703
SIR-1S,13,delta_beta_temporal,11,norm,0.0767562104429181,-0.0348135917287958,0.0364308478942383
SIR-1S,15,rho_h,0,lognorm,0.0029703335503762,0.0064284867211348,0.0039274432029058
SIR-1S,15,f_R,0,norm,0.3236519253351649,0.288875297085521,0.3044973436672484
SIR-1S,15,f_I,0,lognorm,0.0004448999538292,1.9047533868260505e-05,6.968681231140275e-05
SIR-1S,15,beta,0,norm,0.4675029056013463,0.4637897816359125,0.4732248873398265
SIR-1S,15,delta_beta_temporal,0,norm,-0.0230711837391322,-0.0169872732287383,-0.0053192705640772
SIR-1S,15,delta_beta_temporal,1,norm,0.0074043194755891,-0.0077549439731456,0.0193778920288221
SIR-1S,15,delta_beta_temporal,2,norm,0.0051493131955131,-0.0062866265332548,0.0316029807908578
SIR-1S,15,delta_beta_temporal,3,norm,0.0021902026082924,0.0264170378444984,0.0511696516625342
SIR-1S,15,delta_beta_temporal,4,norm,0.0230830387869977,0.065153147158824,0.0291049724051969
SIR-1S,15,delta_beta_temporal,5,norm,0.0093229716422407,-0.0048910865196102,-0.0532248301088646
SIR-1S,15,delta_beta_temporal,6,norm,-0.0198671196791552,-0.1244857212067029,-0.0927244694124998
SIR-1S,15,delta_beta_temporal,7,norm,0.0001975239994522,-0.0286012418837453,-0.0360561327581253
SIR-1S,15,delta_beta_temporal,8,norm,0.0408956276562076,-0.0237509433901318,0.0011663382441932
SIR-1S,15,delta_beta_temporal,9,norm,0.0392379490303089,-0.0262969098939571,0.034243075813173
SIR-1S,15,delta_beta_temporal,10,norm,0.029373423798958,-0.027678879406774,0.0189680786522854
SIR-1S,15,delta_beta_temporal,11,norm,0.0241579922909749,0.0380134356850979,0.031346214812434
SIR-1S,16,rho_h,0,lognorm,0.0038794945747815,0.0060328957869368,0.0049182426547401
SIR-1S,16,f_R,0,norm,0.300482755765594,0.2550482467176516,0.2923134131379749
SIR-1S,16,f_I,0,lognorm,1.899977476596868e-05,9.647336799413582e-06,3.279061245249375e-05
SIR-1S,16,beta,0,norm,0.4813649578422986,0.465733083322537,0.4706790624892863
SIR-1S,16,delta_beta_temporal,0,norm,-0.0368555295845158,-0.0403746118496974,-0.0224379815299274
SIR-1S,16,delta_beta_temporal,1,norm,-0.0158139651303206,-0.0038667042696239,0.0003679190031501
SIR-1S,16,delta_beta_temporal,2,norm,0.0108991106108859,0.0585905496759492,0.0015521138588351
SIR-1S,16,delta_beta_temporal,3,norm,0.0877093308494462,0.020689020397944,0.0249891298992637
SIR-1S,16,delta_beta_temporal,4,norm,0.088409511176875,0.0780244566022819,0.139176721722491
SIR-1S,16,delta_beta_temporal,5,norm,-0.1087972324519352,-0.2204054683327549,-0.082163994621967
SIR-1S,16,delta_beta_temporal,6,norm,-0.0874975533609107,-0.0361016572531597,-0.0697378790872176
SIR-1S,16,delta_beta_temporal,7,norm,0.0164512713934188,0.0801489119926366,0.0736495572050266
SIR-1S,16,delta_beta_temporal,8,norm,0.098649983674024,0.0327437520144112,0.0827490713152145
SIR-1S,16,delta_beta_temporal,9,norm,0.0888766208189538,0.0428599561328561,0.0486247435288909
SIR-1S,16,delta_beta_temporal,10,norm,0.0504285982274768,0.0130796504369539,0.0193749302611782
SIR-1S,16,delta_beta_temporal,11,norm,-0.0197592932007448,0.0028605926886283,-0.0180353192705094
SIR-1S,17,rho_h,0,lognorm,0.0027210035259808,0.0081967644244265,0.0045773596566451
SIR-1S,17,f_R,0,norm,0.3172378134946199,0.2683058851858098,0.3033678733804459
SIR-1S,17,f_I,0,lognorm,8.500108993580965e-05,2.640806309263047e-06,1.6710529770917077e-05
SIR-1S,17,beta,0,norm,0.4686234275688928,0.4746589516764273,0.4870357449159818
SIR-1S,17,delta_beta_temporal,0,norm,-0.0634479865367309,-0.0001890619675204,-0.0850572743767482
SIR-1S,17,delta_beta_temporal,1,norm,0.0289116642844942,-0.0313161201561828,-0.0331098382168338
SIR-1S,17,delta_beta_temporal,2,norm,0.0756513810659609,-0.0404565572042613,0.0465166544540362
SIR-1S,17,delta_beta_temporal,3,norm,0.0586287440829638,0.025257539370357,0.0136283702741028
SIR-1S,17,delta_beta_temporal,4,norm,0.1280128102236942,0.2011946525026202,0.2726398333982661
SIR-1S,17,delta_beta_temporal,5,norm,-0.0858184727658375,-0.1350456547568195,-0.1745471253497813
SIR-1S,17,delta_beta_temporal,6,norm,-0.0539886102018299,-0.0176139405673464,-0.1224345620824137
SIR-1S,17,delta_beta_temporal,7,norm,0.0427639824631713,0.0246004907197994,0.0571606022516517
SIR-1S,17,delta_beta_temporal,8,norm,0.1594597927009364,-0.0743562362956775,0.0345986631882979
SIR-1S,17,delta_beta_temporal,9,norm,0.0872191090010715,-0.0706770307470856,-0.0138279004629367
SIR-1S,17,delta_beta_temporal,10,norm,0.103499056088081,-0.0616287551652759,-0.0589036039984737
SIR-1S,17,delta_beta_temporal,11,norm,0.131182185051716,-0.0431318215574431,0.0796432979477237
SIR-1S,18,rho_h,0,lognorm,0.0049134351966034,0.0081759549998353,0.0050464836982457
SIR-1S,18,f_R,0,norm,0.2902983884593016,0.2626625294682533,0.3043211618131157
SIR-1S,18,f_I,0,lognorm,3.9410221404107745e-05,2.834796785781815e-06,3.22087187207099e-05
SIR-1S,18,beta,0,norm,0.4697900285611062,0.4716928321188455,0.4749728386246825
SIR-1S,18,delta_beta_temporal,0,norm,-0.0212775005698988,-0.0394407510100722,-0.0836781689897399
SIR-1S,18,delta_beta_temporal,1,norm,0.0056625378749679,-0.028602213208213,-0.0177407518274696
SIR-1S,18,delta_beta_temporal,2,norm,-0.001435687744079,-0.0575862318013228,0.030454039211748
SIR-1S,18,delta_beta_temporal,3,norm,0.0126544687283729,0.0431616747369395,0.0394397715225599
SIR-1S,18,delta_beta_temporal,4,norm,0.0859991628199026,0.1778342058471154,0.2420839497275365
SIR-1S,18,delta_beta_temporal,5,norm,-0.0848696910463805,-0.2065676027329984,-0.1329458418733805
SIR-1S,18,delta_beta_temporal,6,norm,-0.0127712872301822,0.0235580437620366,-0.1179982139523892
SIR-1S,18,delta_beta_temporal,7,norm,0.0763090747325612,0.1105222210108192,0.0702797463223477
SIR-1S,18,delta_beta_temporal,8,norm,0.0723500850326008,0.0003837388675174,0.0871689700313765
SIR-1S,18,delta_beta_temporal,9,norm,0.0963491243099099,-0.0274181630670735,0.074140808524215
SIR-1S,18,delta_beta_temporal,10,norm,0.0336053041344562,-0.0657775274043036,-0.1121659758680514
SIR-1S,18,delta_beta_temporal,11,norm,0.0815951682579375,-0.0441435498315658,-0.0139896511887176
SIR-1S,19,rho_h,0,lognorm,0.0032243456967485,0.0045112066424292,0.0039404516856495
SIR-1S,19,f_R,0,norm,0.3079139409722001,0.2681415907120561,0.2900938300717514
SIR-1S,19,f_I,0,lognorm,3.0609107853329665e-05,2.366506554622454e-06,7.220590115749367e-06
SIR-1S,19,beta,0,norm,0.4737230653512806,0.476677985976507,0.4865692054574354
SIR-1S,19,delta_beta_temporal,0,norm,-0.0102398873759434,-0.0421422854981619,-0.0466436565942933
SIR-1S,19,delta_beta_temporal,1,norm,0.0107278939875647,-0.0509728137689003,-0.0521039673591856
SIR-1S,19,delta_beta_temporal,2,norm,0.0223740036510153,-0.0360780194091634,-0.0201600911240277
SIR-1S,19,delta_beta_temporal,3,norm,0.0164064361024936,0.0161253366175891,0.0493545039130225
SIR-1S,19,delta_beta_temporal,4,norm,0.0160824925242328,0.1154933120181766,0.2258906250513979
SIR-1S,19,delta_beta_temporal,5,norm,-0.0702538372591063,-0.0125007840632573,-0.0902457661493151
SIR-1S,19,delta_beta_temporal,6,norm,-0.0320776237893548,-0.0174259687286502,-0.0613650751476133
SIR-1S,19,delta_beta_temporal,7,norm,0.0463952520683067,0.1037935280912823,0.0602859102100192
SIR-1S,19,delta_beta_temporal,8,norm,0.1269812470755124,0.0105100570649957,0.0086213997190558
SIR-1S,19,delta_beta_temporal,9,norm,0.0686954072874537,0.069612574126066,0.0409385336908767
SIR-1S,19,delta_beta_temporal,10,norm,0.0401157811333945,-0.018797437408633,-0.0109771426031561
SIR-1S,19,delta_beta_temporal,11,norm,0.0693616606233281,-0.0123127447331392,0.0122013626313043
SIR-1S,20,rho_h,0,lognorm,0.0033688753615428,0.0057808753361202,0.0040566624133849
SIR-1S,20,f_R,0,norm,0.3120257253364984,0.2660612918555968,0.2949353275570679
SIR-1S,20,f_I,0,lognorm,6.877945292303114e-05,4.913048322467791e-06,3.391485464985172e-05
SIR-1S,20,beta,0,norm,0.4691855135354789,0.4746756721908973,0.4775256627295747
SIR-1S,20,delta_beta_temporal,0,norm,-0.0423511532048715,-0.0334828849123275,-0.1067557082283568
SIR-1S,20,delta_beta_temporal,1,norm,0.0033929345166053,-0.0326687072615633,-0.0864158607961802
SIR-1S,20,delta_beta_temporal,2,norm,0.0377912921687014,-0.013013062063572,-0.0350324798810444
SIR-1S,20,delta_beta_temporal,3,norm,0.0200978641639847,0.0487447326941846,0.0657341438202447
SIR-1S,20,delta_beta_temporal,4,norm,0.0613798673681105,0.1011742250459557,0.2595084805246055
SIR-1S,20,delta_beta_temporal,5,norm,-0.0418194896775526,-0.1336757313118588,-0.0981547834686321
SIR-1S,20,delta_beta_temporal,6,norm,-0.0278896417279738,-0.0325407963736046,-0.009514456250836
SIR-1S,20,delta_beta_temporal,7,norm,0.0962357762592454,0.1513502993291624,0.1252124418645162
SIR-1S,20,delta_beta_temporal,8,norm,-0.0061660667802887,0.0100091259991796,0.0568033303622012
SIR-1S,20,delta_beta_temporal,9,norm,0.0890321010585648,0.0211850298521187,0.0049518650113522
SIR-1S,20,delta_beta_temporal,10,norm,0.0452296206600041,-0.0061635655737487,-0.024317206650914
SIR-1S,20,delta_beta_temporal,11,norm,0.0200785523035462,0.0010706392395694,-0.0104776085474221
SIR-1S,21,rho_h,0,lognorm,0.004475725356745,0.0080706961121102,0.0060512871444816
SIR-1S,21,f_R,0,norm,0.3128853620427368,0.2503863772597348,0.290303752561019
SIR-1S,21,f_I,0,lognorm,0.0001063085986751,1.996066234772245e-06,6.755408203144485e-05
SIR-1S,21,beta,0,norm,0.4656255696586318,0.4684906823590422,0.459001069347956
SIR-1S,21,delta_beta_temporal,0,norm,-0.0806814349989643,-0.0268042060464287,-0.1207036712003586
SIR-1S,21,delta_beta_temporal,1,norm,-0.0526782898361112,-0.0253022184689983,-0.0518058488870606
SIR-1S,21,delta_beta_temporal,2,norm,0.0002161127453736,-0.0440489257773943,0.0077205165502052
SIR-1S,21,delta_beta_temporal,3,norm,0.03052450549121,0.0196784750516954,0.0798832772157131
SIR-1S,21,delta_beta_temporal,4,norm,0.1688634070081974,0.2060443874751715,0.2698770521088534
SIR-1S,21,delta_beta_temporal,5,norm,-0.0223957964627898,-0.2040820312208704,-0.1322264070403059
SIR-1S,21,delta_beta_temporal,6,norm,-0.0162926986773015,-0.0683455701719639,-0.0658505404026947
SIR-1S,21,delta_beta_temporal,7,norm,0.0978999903933896,0.164605541978184,0.0230746045399777
SIR-1S,21,delta_beta_temporal,8,norm,0.115656081549431,-0.0597122234988388,0.0665002485463668
SIR-1S,21,delta_beta_temporal,9,norm,0.0294288551978178,0.0528843972613181,0.1070811055042071
SIR-1S,21,delta_beta_temporal,10,norm,0.0999450303830144,0.0372329840010123,-0.1008574443422291
SIR-1S,21,delta_beta_temporal,11,norm,0.0529806342878943,-0.0406259343636091,0.0031116573592747
SIR-1S,22,rho_h,0,lognorm,0.004180669206121,0.0086613350309466,0.0086529305870132
SIR-1S,22,f_R,0,norm,0.3093814389523152,0.2551933344160085,0.2823934563155337
SIR-1S,22,f_I,0,lognorm,0.0001458876043068,1.4523579707399636e-05,0.0001186712758845
SIR-1S,22,beta,0,norm,0.4691793786604779,0.4574940335487576,0.4519055948615627
SIR-1S,22,delta_beta_temporal,0,norm,-0.032448773307901,0.0178214434341539,-0.0827857540790416
SIR-1S,22,delta_beta_temporal,1,norm,0.0249129506517975,0.0235313394190093,0.0152039152690894
SIR-1S,22,delta_beta_temporal,2,norm,0.0088563603910704,-0.059787886527988,-0.039794898208641
SIR-1S,22,delta_beta_temporal,3,norm,0.0191969432399339,0.0093006720474648,0.0763421365962793
SIR-1S,22,delta_beta_temporal,4,norm,0.1291811841980883,0.0828329216977643,0.1599769752446242
SIR-1S,22,delta_beta_temporal,5,norm,-0.0747198137015832,-0.1594250742433402,-0.1641167907715085
SIR-1S,22,delta_beta_temporal,6,norm,-0.0833534837043022,0.0074071823621751,-0.0398489516981971
SIR-1S,22,delta_beta_temporal,7,norm,0.0265598230761931,-0.0644821401397201,0.1148178517561313
SIR-1S,22,delta_beta_temporal,8,norm,0.0609571099732209,-0.0141525504618683,-0.0234593092833557
SIR-1S,22,delta_beta_temporal,9,norm,0.0099415264406742,0.0714067331675601,-0.0532162291908072
SIR-1S,22,delta_beta_temporal,10,norm,0.0613472880205853,-0.0629052119384049,-0.1127304698811891
SIR-1S,22,delta_beta_temporal,11,norm,0.0459592573905058,-0.0454401979350638,0.0249290510579444
SIR-1S,23,rho_h,0,lognorm,0.0036862121833746,0.0060615051755118,0.0041610782831127
SIR-1S,23,f_R,0,norm,0.3021853722791511,0.2904476464048071,0.2840074316012549
SIR-1S,23,f_I,0,lognorm,4.635598390744415e-05,3.4996915377159557e-06,1.2790611683020403e-05
SIR-1S,23,beta,0,norm,0.4687435030658876,0.4826751661580282,0.4834351345391216
SIR-1S,23,delta_beta_temporal,0,norm,-0.0335778210357923,-0.0397991448618019,-0.0411349063708552
SIR-1S,23,delta_beta_temporal,1,norm,-0.019893144041715,-0.0440809891385217,-0.0423124170632589
SIR-1S,23,delta_beta_temporal,2,norm,0.0019806228070184,-0.0344498167957395,-0.0001107658276183
SIR-1S,23,delta_beta_temporal,3,norm,0.004670967625891,0.0151145508474536,0.0506235113119235
SIR-1S,23,delta_beta_temporal,4,norm,0.0454822135586285,0.0950626481764679,0.1790489284884318
SIR-1S,23,delta_beta_temporal,5,norm,-0.0041223594577596,0.0254075005971685,-0.055012684948196
SIR-1S,23,delta_beta_temporal,6,norm,-0.026996689900386,-0.0409298020219924,-0.111197241285684
SIR-1S,23,delta_beta_temporal,7,norm,0.0863553075519649,0.0963913511780302,0.0383765069867698
SIR-1S,23,delta_beta_temporal,8,norm,0.0244330299929852,0.0370216478413022,0.0728475640017455
SIR-1S,23,delta_beta_temporal,9,norm,-0.019968452096766,0.0201059778968969,0.0337879060937895
SIR-1S,23,delta_beta_temporal,10,norm,-0.0074638673153862,0.0357582204781118,0.0131523598513792
SIR-1S,23,delta_beta_temporal,11,norm,0.0374382665595601,0.0475361869605564,0.0039432041675528
SIR-1S,24,rho_h,0,lognorm,0.0024902225297227,0.0061030670574192,0.0034686365546668
SIR-1S,24,f_R,0,norm,0.3073016309322298,0.2818292934045779,0.2890526730227153
SIR-1S,24,f_I,0,lognorm,2.914395606524211e-05,2.372977588384928e-06,2.047276070172251e-05
SIR-1S,24,beta,0,norm,0.479267813503256,0.4841636433107632,0.4776676438085738
SIR-1S,24,delta_beta_temporal,0,norm,-0.0352007254578309,-0.0356005378387584,-0.0358492623135605
SIR-1S,24,delta_beta_temporal,1,norm,-0.0094319899622188,-0.017194733589088,0.0071849710569052
SIR-1S,24,delta_beta_temporal,2,norm,0.0257910152638724,-0.0277562904370141,0.0483035665765274
SIR-1S,24,delta_beta_temporal,3,norm,0.0671979129930167,0.0308887616803597,0.0564614375903075
SIR-1S,24,delta_beta_temporal,4,norm,0.1246711594791197,0.1027606291423574,0.1634796019185586
SIR-1S,24,delta_beta_temporal,5,norm,-0.0708180927494837,-0.0539292309470228,-0.0854892108001141
SIR-1S,24,delta_beta_temporal,6,norm,-0.1015139123915299,-0.0149838001153621,-0.2315723814320427
SIR-1S,24,delta_beta_temporal,7,norm,-0.0209670130460553,0.0867538483563092,-0.0233225253316546
SIR-1S,24,delta_beta_temporal,8,norm,0.1555879312922477,-0.1066602451537268,0.0076423915914755
SIR-1S,24,delta_beta_temporal,9,norm,0.1088695559460806,-0.064792400274155,0.0674335922590819
SIR-1S,24,delta_beta_temporal,10,norm,0.027826723535107,-0.0309553249831408,-0.0057138031156044
SIR-1S,24,delta_beta_temporal,11,norm,0.0640957937446728,0.0296012319886661,0.0252673831550696
SIR-1S,25,rho_h,0,lognorm,0.005616827759353,0.0088280114181149,0.0046497384397291
SIR-1S,25,f_R,0,norm,0.2827842466623849,0.2638262252098941,0.2916424386179715
SIR-1S,25,f_I,0,lognorm,3.5701672387203643e-05,2.414462703751241e-06,2.1623189396536008e-05
SIR-1S,25,beta,0,norm,0.458450811633192,0.4706444524622579,0.4800022229413048
SIR-1S,25,delta_beta_temporal,0,norm,-0.0565844248489782,-0.0232135816477516,-0.0515869942547384
SIR-1S,25,delta_beta_temporal,1,norm,-0.0557055798218079,0.0323166799720822,-0.0378550405237155
SIR-1S,25,delta_beta_temporal,2,norm,0.023900234816748,0.0051146363277638,0.0021314321089227
SIR-1S,25,delta_beta_temporal,3,norm,0.0504730522073424,-0.0533136888762685,0.0929670220084265
SIR-1S,25,delta_beta_temporal,4,norm,0.1281833786684735,0.0595127840151958,0.2315730449546992
SIR-1S,25,delta_beta_temporal,5,norm,-0.0605411589069283,-0.0267673424726952,-0.0940155130667749
SIR-1S,25,delta_beta_temporal,6,norm,-0.1048361246023797,0.019035124004441,-0.2265032349135836
SIR-1S,25,delta_beta_temporal,7,norm,0.0593388705446681,0.0263097354078918,-0.0958027464007951
SIR-1S,25,delta_beta_temporal,8,norm,0.0934556458402214,-0.0042559605560201,0.0322877677081141
SIR-1S,25,delta_beta_temporal,9,norm,0.02559711185472,-0.1211867849110243,0.0389811126732165
SIR-1S,25,delta_beta_temporal,10,norm,0.038839902751785,-0.0757251829363149,0.066680069594511
SIR-1S,25,delta_beta_temporal,11,norm,0.1066295699260558,0.0268300571999456,0.1251333025515244
SIR-1S,26,rho_h,0,lognorm,0.0049672350521194,0.0090015931727319,0.0047679089341142
SIR-1S,26,f_R,0,norm,0.3171828900026165,0.2717479242232683,0.3080473912711211
SIR-1S,26,f_I,0,lognorm,3.2703279673238875e-05,7.297382104766962e-06,6.20867815660243e-05
SIR-1S,26,beta,0,norm,0.4810898653448379,0.4590715504146953,0.4591860978112816
SIR-1S,26,delta_beta_temporal,0,norm,-0.0821414954387702,-0.0264792967282872,-0.1142394968720478
SIR-1S,26,delta_beta_temporal,1,norm,0.0040490669737307,-0.0012520525800278,-0.0101127553392315
SIR-1S,26,delta_beta_temporal,2,norm,0.0486110519952218,-0.0360285378423352,0.0429006346296092
SIR-1S,26,delta_beta_temporal,3,norm,0.0351173511181286,0.0293227077548181,0.1533480114643512
SIR-1S,26,delta_beta_temporal,4,norm,0.0990895522994853,0.1101999639446704,0.2984203233340861
SIR-1S,26,delta_beta_temporal,5,norm,-0.1233678448371139,-0.0860492553804607,-0.0930212572400644
SIR-1S,26,delta_beta_temporal,6,norm,-0.0565352960930759,0.016211058812514,-0.1544215192475765
SIR-1S,26,delta_beta_temporal,7,norm,0.1178461906113125,0.0576271860554026,0.037456858565914
SIR-1S,26,delta_beta_temporal,8,norm,0.1483545734315047,-0.0005778709539836,0.1067960518278554
SIR-1S,26,delta_beta_temporal,9,norm,0.0233939183769194,-0.0616800118684106,0.0400266264280053
SIR-1S,26,delta_beta_temporal,10,norm,0.0959384355018153,0.0138855619383661,-0.0410025848301649
SIR-1S,26,delta_beta_temporal,11,norm,0.1087740397526201,-0.1241979417688175,0.0029540052534555
SIR-1S,27,rho_h,0,lognorm,0.0025292804338046,0.0065175983781657,0.0046782282501209
SIR-1S,27,f_R,0,norm,0.3045808578066417,0.2877428582458174,0.2688842896071042
SIR-1S,27,f_I,0,lognorm,2.8676931712542717e-05,1.7281826628994445e-05,3.2216796229207286e-06
SIR-1S,27,beta,0,norm,0.4701168424604252,0.4775476864804269,0.4879873065319415
SIR-1S,27,delta_beta_temporal,0,norm,-0.0351481766374397,-0.1785114169369116,-0.0526530467688063
SIR-1S,27,delta_beta_temporal,1,norm,0.0120120469911224,-0.1565130324689708,-0.016564658865632
SIR-1S,27,delta_beta_temporal,2,norm,0.0003306038694505,-0.0846676070427717,0.03948158338244
SIR-1S,27,delta_beta_temporal,3,norm,0.0522372667335156,0.0812300728522225,0.1039390702148089
SIR-1S,27,delta_beta_temporal,4,norm,0.0889082997407784,0.2428272930870793,0.1365647310284169
SIR-1S,27,delta_beta_temporal,5,norm,-0.079171082440473,-0.0337248717409621,-0.1689726998808973
SIR-1S,27,delta_beta_temporal,6,norm,-0.0512615503186073,-0.0226541141902227,-0.1886836118439411
SIR-1S,27,delta_beta_temporal,7,norm,0.046499654217693,-0.0323399193205325,-0.0002002376936271
SIR-1S,27,delta_beta_temporal,8,norm,0.0538881829575996,-0.0360513476497633,0.0578873095983715
SIR-1S,27,delta_beta_temporal,9,norm,0.0895735864428858,0.0240016782711667,0.0623351826154145
SIR-1S,27,delta_beta_temporal,10,norm,0.0751343555313177,0.0278279165472643,-0.0636629916262639
SIR-1S,27,delta_beta_temporal,11,norm,0.0309944957085123,0.013419782402582,0.005117158941904
SIR-1S,28,rho_h,0,lognorm,0.0062288643817371,0.0072608171481368,0.005823936956557
SIR-1S,28,f_R,0,norm,0.3047371807949373,0.2852314645661167,0.3061686939049762
SIR-1S,28,f_I,0,lognorm,0.0002106739990179,3.1358812512986004e-05,0.0001183521023881
SIR-1S,28,beta,0,norm,0.4582384417968689,0.4592301359419931,0.4614949129863117
SIR-1S,28,delta_beta_temporal,0,norm,-0.0941031976890143,-0.0504398730461646,-0.0961475195505736
SIR-1S,28,delta_beta_temporal,1,norm,-0.0065085912170112,-0.0093078524448223,-0.0685704835756315
SIR-1S,28,delta_beta_temporal,2,norm,0.0213341059998263,-0.0403001142488227,-0.0145520464495638
SIR-1S,28,delta_beta_temporal,3,norm,0.0426883071390707,0.0135607580038767,0.1213051196200338
SIR-1S,28,delta_beta_temporal,4,norm,0.1827974526454784,0.1601952989604583,0.1487198018345273
SIR-1S,28,delta_beta_temporal,5,norm,-0.0430050788807648,-0.0766131230697333,-0.1023715009970372
SIR-1S,28,delta_beta_temporal,6,norm,-0.0666429623095159,0.128796993341748,-0.0626998414427453
SIR-1S,28,delta_beta_temporal,7,norm,-0.0423775836994632,-0.0018341582812461,0.1683355668863173
SIR-1S,28,delta_beta_temporal,8,norm,0.0134634510917693,-0.079865539622005,0.017785490578548
SIR-1S,28,delta_beta_temporal,9,norm,0.0589242161911739,0.0898707855670067,-0.0369445351424639
SIR-1S,28,delta_beta_temporal,10,norm,0.0769903228943108,-0.0499236674808969,-0.0761694195744383
SIR-1S,28,delta_beta_temporal,11,norm,0.0656910567713834,0.0191600225137694,0.0044589177070066
SIR-1S,29,rho_h,0,lognorm,0.0048964048660574,0.0094243369656039,0.0055974398734969
SIR-1S,29,f_R,0,norm,0.3064284057657429,0.2430206293042748,0.2902018016080216
SIR-1S,29,f_I,0,lognorm,6.952092555264968e-05,2.860671897522934e-06,5.4581979079135086e-05
SIR-1S,29,beta,0,norm,0.4662252715825268,0.462644799099955,0.4675291173120603
SIR-1S,29,delta_beta_temporal,0,norm,-0.087795315165094,-0.0457980315299819,-0.122653041615815
SIR-1S,29,delta_beta_temporal,1,norm,-0.0064332191562209,-0.013912933403171,-0.0628028239992869
SIR-1S,29,delta_beta_temporal,2,norm,0.0267361689786754,-0.0833013415712687,-0.028876470254603
SIR-1S,29,delta_beta_temporal,3,norm,0.0516431701788604,-0.0075968848539724,0.0559597654385307
SIR-1S,29,delta_beta_temporal,4,norm,0.0941427440905803,0.2253903848126562,0.3181477583629009
SIR-1S,29,delta_beta_temporal,5,norm,-0.0607004582243646,-0.1779042992305166,-0.1644951759919331
SIR-1S,29,delta_beta_temporal,6,norm,-0.0450500274834492,-0.0634119084494853,-0.0305216238029769
SIR-1S,29,delta_beta_temporal,7,norm,0.0752180478611862,0.0914560466109038,0.1430935810010126
SIR-1S,29,delta_beta_temporal,8,norm,0.1471497460408367,-0.0662120190569336,0.0119132395925035
SIR-1S,29,delta_beta_temporal,9,norm,0.0508542267267963,-0.1141965627461695,0.0280263053179678
SIR-1S,29,delta_beta_temporal,10,norm,0.0139356197464812,-0.1113802019198186,-0.0750179136848689
SIR-1S,29,delta_beta_temporal,11,norm,0.0650708272075345,-0.0340321032489716,-0.0053865826367103
SIR-1S,30,rho_h,0,lognorm,0.0044878460247158,0.0063124918438168,0.0048872831611872
SIR-1S,30,f_R,0,norm,0.2929856731308676,0.2844309725760154,0.295398213586829
SIR-1S,30,f_I,0,lognorm,1.6313649996202754e-05,5.960466899254222e-06,2.293084056743178e-05
SIR-1S,30,beta,0,norm,0.4813756290312661,0.4752603184014321,0.4788565957774918
SIR-1S,30,delta_beta_temporal,0,norm,-0.0338009836424324,-0.0467263692363037,-0.0578241405114951
SIR-1S,30,delta_beta_temporal,1,norm,-0.0201860637000045,-0.0453220462822266,-0.0413420979884583
SIR-1S,30,delta_beta_temporal,2,norm,-0.0045974397392064,-0.0142119400281481,0.0082133921727196
SIR-1S,30,delta_beta_temporal,3,norm,0.0632453540890029,0.0389721645386182,0.0529696958037395
SIR-1S,30,delta_beta_temporal,4,norm,0.0989150967602582,0.0884550273874683,0.1570232843960604
SIR-1S,30,delta_beta_temporal,5,norm,-0.0324804802741757,-0.040468400706813,-0.0678919547901497
SIR-1S,30,delta_beta_temporal,6,norm,-0.0082707250501721,-0.0300115710633259,-0.052892905037123
SIR-1S,30,delta_beta_temporal,7,norm,-0.0302418553995887,0.0790275269077174,0.0812092270889151
SIR-1S,30,delta_beta_temporal,8,norm,-0.0176001614670364,0.0839245271250035,0.0200989688461097
SIR-1S,30,delta_beta_temporal,9,norm,0.0979752529864283,0.0462627113566175,0.0871875318719754
SIR-1S,30,delta_beta_temporal,10,norm,0.05296084850308,0.0149772730681541,-0.001540924670135
SIR-1S,30,delta_beta_temporal,11,norm,-0.0064633378499451,0.0198032712966926,0.0010730131754471
SIR-1S,31,rho_h,0,lognorm,0.0030755867442582,0.0052301505111498,0.0039734034495232
SIR-1S,31,f_R,0,norm,0.3166850010184351,0.2730025009570496,0.2865576752624724
SIR-1S,31,f_I,0,lognorm,7.630449112847837e-05,4.656284152708859e-06,1.0723315564322849e-05
SIR-1S,31,beta,0,norm,0.4721318834668934,0.4739412845222537,0.4778913993729392
SIR-1S,31,delta_beta_temporal,0,norm,-0.0473419672991933,-0.0361887116543516,-0.0624985609578954
SIR-1S,31,delta_beta_temporal,1,norm,-0.05162934355762,-0.0324183237386322,-0.0200854148401896
SIR-1S,31,delta_beta_temporal,2,norm,-0.0144790417937063,-0.0145305871915218,0.0204973902395014
SIR-1S,31,delta_beta_temporal,3,norm,0.0435673730542416,0.0418260101683342,0.0746226881672406
SIR-1S,31,delta_beta_temporal,4,norm,0.0757693390887232,0.1475115158782937,0.1510164861264378
SIR-1S,31,delta_beta_temporal,5,norm,-0.0451785021902532,-0.101585136597645,-0.0839735692796659
SIR-1S,31,delta_beta_temporal,6,norm,-0.0428365976577791,0.0179401176791275,-0.03008042388688
SIR-1S,31,delta_beta_temporal,7,norm,0.042780231526474,0.1121321237421077,0.0866551545976015
SIR-1S,31,delta_beta_temporal,8,norm,0.1163318633930737,0.0528315714917334,0.0414998339178015
SIR-1S,31,delta_beta_temporal,9,norm,0.0826196496773493,-0.0131732137051938,0.0021489688889216
SIR-1S,31,delta_beta_temporal,10,norm,0.042171032989663,0.0112505959242056,-0.0031640192694301
SIR-1S,31,delta_beta_temporal,11,norm,0.0438950424085372,0.0151574801400022,0.0081986166751284
SIR-1S,32,rho_h,0,lognorm,0.0030785578831444,0.0055786410886218,0.0053963992009819
SIR-1S,32,f_R,0,norm,0.3092631454067536,0.2792214244637818,0.2877212155905423
SIR-1S,32,f_I,0,lognorm,5.72443835192848e-05,1.6031958174649422e-05,2.949154626748036e-05
SIR-1S,32,beta,0,norm,0.4768544350874004,0.4708928256683316,0.4642351785678162
SIR-1S,32,delta_beta_temporal,0,norm,-0.0050240217133831,0.0126603437678414,-0.0727568035479836
SIR-1S,32,delta_beta_temporal,1,norm,0.0105710782756367,0.0340394806834733,-0.0369024840122106
SIR-1S,32,delta_beta_temporal,2,norm,0.038985854545042,-0.0058177696987687,-0.0303985273952944
SIR-1S,32,delta_beta_temporal,3,norm,0.0812919542868418,0.0143197229568721,0.1203410542501521
SIR-1S,32,delta_beta_temporal,4,norm,0.0506618133170624,0.084767034111419,0.1671432423513981
SIR-1S,32,delta_beta_temporal,5,norm,-0.070745220164143,-0.0944899784622775,-0.1613866177766205
SIR-1S,32,delta_beta_temporal,6,norm,-0.1044461933417512,-0.0882892671714369,-0.1464289560134929
SIR-1S,32,delta_beta_temporal,7,norm,-0.0227328833449111,0.0175388057206996,-0.0178170690326873
SIR-1S,32,delta_beta_temporal,8,norm,0.0709687698166673,-0.0720990143847406,-0.0768155513736702
SIR-1S,32,delta_beta_temporal,9,norm,0.0587183648759334,0.0243687301110286,-0.0700949152606105
SIR-1S,32,delta_beta_temporal,10,norm,0.0677747327979551,0.0500648849034154,-0.0224785264058994
SIR-1S,32,delta_beta_temporal,11,norm,0.0476964617596107,0.0292326860993549,0.0212508627631724
SIR-1S,33,rho_h,0,lognorm,0.0027225257484432,0.0055836887601023,0.0046056046533906
SIR-1S,33,f_R,0,norm,0.32402693581132,0.2805715436004534,0.2809932659171346
SIR-1S,33,f_I,0,lognorm,5.808957579613893e-05,8.969386291212664e-06,8.967261170303626e-06
SIR-1S,33,beta,0,norm,0.4799142041506464,0.4728982492975173,0.4854612126659315
SIR-1S,33,delta_beta_temporal,0,norm,-0.040184128343497,-0.0398074156471213,-0.0575966295587005
SIR-1S,33,delta_beta_temporal,1,norm,-0.0066944760508034,-0.0161597983887981,-0.0355188754045365
SIR-1S,33,delta_beta_temporal,2,norm,0.0229142308254763,-0.0151215761330187,0.0080533800195187
SIR-1S,33,delta_beta_temporal,3,norm,0.0727672015596688,-0.0082981993880854,0.0653332680879076
SIR-1S,33,delta_beta_temporal,4,norm,0.0608219769391578,0.0438553835335172,0.1658394706115564
SIR-1S,33,delta_beta_temporal,5,norm,-0.041042131979184,-0.0168481607350223,-0.0527041830929992
SIR-1S,33,delta_beta_temporal,6,norm,-0.0375063327360219,0.0264705028453738,-0.1337018615731083
SIR-1S,33,delta_beta_temporal,7,norm,0.0537297169646922,0.0651390603584075,0.0228842358607461
SIR-1S,33,delta_beta_temporal,8,norm,0.0494302950666203,0.0816444302595349,0.0714515492873363
SIR-1S,33,delta_beta_temporal,9,norm,0.0734037961750683,-0.0003781505701539,0.0602828528013613
SIR-1S,33,delta_beta_temporal,10,norm,0.0239638212765779,-0.0409298109548778,0.0390124852943325
SIR-1S,33,delta_beta_temporal,11,norm,0.0015813764201324,0.0279206690759615,0.0039462676515779
SIR-1S,34,rho_h,0,lognorm,0.0049005928450736,0.0082303778638809,0.0061362359500882
SIR-1S,34,f_R,0,norm,0.3138271056885603,0.2698657827884802,0.2839441738075743
SIR-1S,34,f_I,0,lognorm,4.5081829353572266e-05,7.972589954990778e-06,2.1808369676290456e-05
SIR-1S,34,beta,0,norm,0.4760008601688844,0.4611036923805127,0.473394184721241
SIR-1S,34,delta_beta_temporal,0,norm,-0.046707490453813,-0.06895277917664,-0.0830107180016107
SIR-1S,34,delta_beta_temporal,1,norm,-0.0628589528397394,-0.0087311960212546,-0.0523647682984873
SIR-1S,34,delta_beta_temporal,2,norm,0.0429226764537839,-0.0232484675906476,0.0391295474925713
SIR-1S,34,delta_beta_temporal,3,norm,0.0935862512342725,0.0210592234413166,0.1611318731911139
SIR-1S,34,delta_beta_temporal,4,norm,0.1361233583459679,0.2327308813005074,0.1169346219392244
SIR-1S,34,delta_beta_temporal,5,norm,-0.0813507632694965,-0.0694422836422498,-0.1315992309971
SIR-1S,34,delta_beta_temporal,6,norm,-0.123447865257582,0.0323199360330014,-0.2440100430091992
SIR-1S,34,delta_beta_temporal,7,norm,0.0182299602395935,0.0270155787026726,-0.0506484663246666
SIR-1S,34,delta_beta_temporal,8,norm,0.0568516190881168,-0.040730226828644,0.0917206026088147
SIR-1S,34,delta_beta_temporal,9,norm,0.0065863013286658,-0.0493862249569045,0.0301261326693908
SIR-1S,34,delta_beta_temporal,10,norm,0.0277251701478659,0.0251021595156007,-0.0621546465500524
SIR-1S,34,delta_beta_temporal,11,norm,0.0586118204582239,0.0553182629439187,0.0215254541446641
SIR-1S,35,rho_h,0,lognorm,0.005048042146855,0.0077612916281092,0.004984997617899
SIR-1S,35,f_R,0,norm,0.2912734780142916,0.2642159725857269,0.2757871951066722
SIR-1S,35,f_I,0,lognorm,2.2008570667388263e-05,1.011255722498104e-05,1.0362444808461675e-05
SIR-1S,35,beta,0,norm,0.4759688827952042,0.4676681973106812,0.4799606646150725
SIR-1S,35,delta_beta_temporal,0,norm,-0.0487468363212644,-0.0333651532698194,-0.0531309509105319
SIR-1S,35,delta_beta_temporal,1,norm,-0.0087878312115917,-0.0022719199106575,-0.0313909690644641
SIR-1S,35,delta_beta_temporal,2,norm,0.0444979341072414,0.0341581542094599,0.0175937175117975
SIR-1S,35,delta_beta_temporal,3,norm,0.1353917479668272,0.0231471746788172,0.0473109333450608
SIR-1S,35,delta_beta_temporal,4,norm,0.0475303580493063,0.0279966801431447,0.2027179297399002
SIR-1S,35,delta_beta_temporal,5,norm,-0.1219815526320009,-0.0852601410197107,-0.1802807498050274
SIR-1S,35,delta_beta_temporal,6,norm,-0.0952266188718222,-0.0994985332194258,-0.0790590482469128
SIR-1S,35,delta_beta_temporal,7,norm,-0.0079253182623038,0.0391121525447549,0.0586886739922435
SIR-1S,35,delta_beta_temporal,8,norm,0.0460540778756768,0.0235544059459575,0.0634749130690221
SIR-1S,35,delta_beta_temporal,9,norm,0.0840498329801449,0.0282438780403514,0.056332295614359
SIR-1S,35,delta_beta_temporal,10,norm,0.0553190089900392,0.0042868248150742,-0.0290570721942455
SIR-1S,35,delta_beta_temporal,11,norm,0.0138759595271097,0.0070368688291127,-0.0071609245806673
SIR-1S,36,rho_h,0,lognorm,0.0038909783564678,0.0064339439978461,0.0059749164935551
SIR-1S,36,f_R,0,norm,0.3079188929592891,0.2627874817555871,0.2803118556239325
SIR-1S,36,f_I,0,lognorm,5.259211848111677e-05,1.7083595573411975e-06,1.3008619315974468e-05
SIR-1S,36,beta,0,norm,0.4685845925187296,0.4759118818679433,0.4711684450624919
SIR-1S,36,delta_beta_temporal,0,norm,-0.0748481139331962,0.0007966333735005,-0.0773808859574165
SIR-1S,36,delta_beta_temporal,1,norm,0.0244416849801795,0.0315754870669201,0.0736697241914837
SIR-1S,36,delta_beta_temporal,2,norm,0.1086613844658468,0.0085039630295738,0.1425597651965355
SIR-1S,36,delta_beta_temporal,3,norm,0.0932052544403625,0.0024896983679794,0.09697017454614
SIR-1S,36,delta_beta_temporal,4,norm,0.0868329406686617,0.1537969725362168,0.0931726767638964
SIR-1S,36,delta_beta_temporal,5,norm,-0.0632041470585596,-0.0802563520185867,-0.140977141467339
SIR-1S,36,delta_beta_temporal,6,norm,-0.0283110800467086,-0.0175830045779397,-0.2705830949860082
SIR-1S,36,delta_beta_temporal,7,norm,0.0490685646129395,-0.0116509201752874,-0.0496219589223597
SIR-1S,36,delta_beta_temporal,8,norm,0.1341860295305763,-0.0382579220764629,0.1312978246540155
SIR-1S,36,delta_beta_temporal,9,norm,0.0125921946346549,0.0257787826951027,0.0873314333004921
SIR-1S,36,delta_beta_temporal,10,norm,0.1097481793609606,0.0220570402901719,0.078964944640757
SIR-1S,36,delta_beta_temporal,11,norm,0.1881554048157624,0.056561079230469,0.0692325919770879
SIR-1S,37,rho_h,0,lognorm,0.0031675626348461,0.0066048617994805,0.0057230956975897
SIR-1S,37,f_R,0,norm,0.3112317137072078,0.2656261674869232,0.3059812217314155
SIR-1S,37,f_I,0,lognorm,5.09331829097971e-05,1.6948183013954453e-05,2.0534987988495696e-05
SIR-1S,37,beta,0,norm,0.4773978619428513,0.4700406222126546,0.4908137249524994
SIR-1S,37,delta_beta_temporal,0,norm,-0.0830470198124483,-0.1767759510523113,-0.1113789774248215
SIR-1S,37,delta_beta_temporal,1,norm,0.0356193067135305,-0.1568504817755722,0.0843148394870307
SIR-1S,37,delta_beta_temporal,2,norm,0.0831900825902876,-0.1078758740583186,-0.0675207273869224
SIR-1S,37,delta_beta_temporal,3,norm,0.03843583342158,0.0608714270185004,0.1072091606929732
SIR-1S,37,delta_beta_temporal,4,norm,0.1867225240057925,0.1619887925670771,0.2655641255252474
SIR-1S,37,delta_beta_temporal,5,norm,-0.1359991761489745,-0.0990085268477005,-0.2058049754706381
SIR-1S,37,delta_beta_temporal,6,norm,-0.0668065375412292,0.0793639298503313,-0.1391738050443815
SIR-1S,37,delta_beta_temporal,7,norm,0.0230927142233791,0.0366928145114505,0.0546738943551541
SIR-1S,37,delta_beta_temporal,8,norm,0.1134263960871519,-0.1004638331845356,0.1001110308362422
SIR-1S,37,delta_beta_temporal,9,norm,0.0797154705698375,0.0872427897775853,0.0120094543602783
SIR-1S,37,delta_beta_temporal,10,norm,0.0880316072817724,-0.0291429410330271,-0.072212472700912
SIR-1S,37,delta_beta_temporal,11,norm,0.0244108833526719,-0.061331316571818,0.0134323253430897
SIR-1S,38,rho_h,0,lognorm,0.0043607217688709,0.0049130939377864,0.005451075356444
SIR-1S,38,f_R,0,norm,0.3027206716006431,0.2853794279761426,0.2858455514042799
SIR-1S,38,f_I,0,lognorm,5.913968079416382e-05,9.711647993871562e-06,1.579480042242492e-05
SIR-1S,38,beta,0,norm,0.4687997700224075,0.4773989456747489,0.4796547508716056
SIR-1S,38,delta_beta_temporal,0,norm,-0.0444507245451377,-0.0557325728105131,-0.0572461422860852
SIR-1S,38,delta_beta_temporal,1,norm,-0.0173987678141842,-0.0364529523974945,-0.0308101646905608
SIR-1S,38,delta_beta_temporal,2,norm,0.0188500459772858,-0.021709989244293,-0.0085659215235484
SIR-1S,38,delta_beta_temporal,3,norm,0.0295166394207093,0.0043672582082799,0.0693856363216961
SIR-1S,38,delta_beta_temporal,4,norm,0.0643844121119673,0.0631611618218734,0.1371800907301193
SIR-1S,38,delta_beta_temporal,5,norm,-0.0172529340445794,0.0295688795470808,-0.0498021553099852
SIR-1S,38,delta_beta_temporal,6,norm,-0.0053052584163849,0.0597522085682662,-0.0804419566278759
SIR-1S,38,delta_beta_temporal,7,norm,-0.0223287982183024,0.0200203692881049,-0.037854412331093
SIR-1S,38,delta_beta_temporal,8,norm,0.019033084237722,-0.0534228336115421,0.0279816754291983
SIR-1S,38,delta_beta_temporal,9,norm,0.0661565482706645,0.0249041183064005,0.0802358945770501
SIR-1S,38,delta_beta_temporal,10,norm,0.0696340037167406,0.0433842262166002,0.0495737481518782
SIR-1S,38,delta_beta_temporal,11,norm,0.0270995764448252,0.0279358991776468,0.0365630137404151
SIR-1S,39,rho_h,0,lognorm,0.0037083102519905,0.0085191663818867,0.005073266362578
SIR-1S,39,f_R,0,norm,0.3064596625927039,0.2467742875267937,0.2815772830277491
SIR-1S,39,f_I,0,lognorm,3.604279338640946e-05,8.07797964215302e-06,1.5775630723377288e-05
SIR-1S,39,beta,0,norm,0.4741232208789984,0.4662616095175792,0.4709343800710952
SIR-1S,39,delta_beta_temporal,0,norm,-0.0926564461117108,0.0315106137710188,-0.0969917568246641
SIR-1S,39,delta_beta_temporal,1,norm,-0.0042499645621479,-0.3287999794167378,-0.0070409772714887
SIR-1S,39,delta_beta_temporal,2,norm,0.0689485159793393,-0.0960428782590125,0.0150652109544989
SIR-1S,39,delta_beta_temporal,3,norm,0.046722301349038,-0.0160539379788075,0.0716936567304236
SIR-1S,39,delta_beta_temporal,4,norm,0.1254470709044381,0.2129035157091194,0.2571861065373974
SIR-1S,39,delta_beta_temporal,5,norm,-0.086989561024958,-0.1369825634912868,-0.1527055060865735
SIR-1S,39,delta_beta_temporal,6,norm,0.0025551240222774,0.0138959696168422,-0.1262093215678932
SIR-1S,39,delta_beta_temporal,7,norm,0.0421215436896597,0.0973496193877216,0.0429058422664119
SIR-1S,39,delta_beta_temporal,8,norm,0.1318365395787085,0.0132047405638531,0.1291721583597412
SIR-1S,39,delta_beta_temporal,9,norm,0.066029272074775,0.0093038019114107,0.0544790589252735
SIR-1S,39,delta_beta_temporal,10,norm,0.0384639350638683,-0.0705370049497038,-0.1927470965713633
SIR-1S,39,delta_beta_temporal,11,norm,0.1365901815395484,-0.0339517828465482,-0.0361338219402323
SIR-1S,40,rho_h,0,lognorm,0.0056556343929128,0.0064928958173692,0.0039403919216464
SIR-1S,40,f_R,0,norm,0.2983427839380203,0.2726350086491916,0.3201551642798564
SIR-1S,40,f_I,0,lognorm,0.0001555727809253,1.795441256273241e-06,7.870131716191802e-05
SIR-1S,40,beta,0,norm,0.4533839817431362,0.4876938816124966,0.474382578861458
SIR-1S,40,delta_beta_temporal,0,norm,-0.1301006671043327,-0.0193420450060267,-0.0883247567755021
SIR-1S,40,delta_beta_temporal,1,norm,-0.0091491718005341,-0.0262529174541978,-0.0719422077677647
SIR-1S,40,delta_beta_temporal,2,norm,0.0026434625877727,-0.013203853177337,-0.0163181307071202
SIR-1S,40,delta_beta_temporal,3,norm,0.0372159797445964,-0.0248429569265421,0.0873559896390233
SIR-1S,40,delta_beta_temporal,4,norm,0.0516737879521881,0.1326993628283444,0.2030268926208344
SIR-1S,40,delta_beta_temporal,5,norm,0.0304666460883053,-0.1439202403637024,-0.1017243705927166
SIR-1S,40,delta_beta_temporal,6,norm,0.1227198858261509,0.1257454479906836,0.0364434037143784
SIR-1S,40,delta_beta_temporal,7,norm,0.1128896488683632,0.045509454167091,0.1639166477736112
SIR-1S,40,delta_beta_temporal,8,norm,-0.0992659119734704,-0.1000437092295759,0.0148409324533126
SIR-1S,40,delta_beta_temporal,9,norm,0.0844650054098053,-0.0117116880526661,0.0107469177064221
SIR-1S,40,delta_beta_temporal,10,norm,0.0276143155420707,-0.0002733589152173,-0.0678061004053953
SIR-1S,40,delta_beta_temporal,11,norm,0.0206975455287884,0.0122638948970579,-0.0263714927082912
SIR-1S,41,rho_h,0,lognorm,0.0030030241914482,0.0068662948067007,0.003433479148272
SIR-1S,41,f_R,0,norm,0.3260850089304382,0.2794059625718025,0.2955896125266772
SIR-1S,41,f_I,0,lognorm,7.030673384181361e-05,6.309939432581588e-06,1.3860254902939532e-05
SIR-1S,41,beta,0,norm,0.4722983785533182,0.481298581401676,0.4781853190033984
SIR-1S,41,delta_beta_temporal,0,norm,-0.0538517084200901,-0.0211572271986886,-0.0340004068746835
SIR-1S,41,delta_beta_temporal,1,norm,-0.0285170574120116,0.0135343076228892,-0.0280326166897653
SIR-1S,41,delta_beta_temporal,2,norm,0.010787782758998,0.0127230001083158,0.002087803833735
SIR-1S,41,delta_beta_temporal,3,norm,0.0807601321666509,0.0548708754500156,-0.0065407117200905
SIR-1S,41,delta_beta_temporal,4,norm,0.1325442656969781,0.0617056778506078,0.092833639620966
SIR-1S,41,delta_beta_temporal,5,norm,-0.0628023056493015,-0.2293401566670257,-0.0539001345751853
SIR-1S,41,delta_beta_temporal,6,norm,-0.0720861272817982,-0.0176326036208885,0.1085373968389334
SIR-1S,41,delta_beta_temporal,7,norm,-0.018458264122719,0.1077320661262984,0.12609540378257
SIR-1S,41,delta_beta_temporal,8,norm,0.0296717493492594,-0.0344341005736531,-0.0411484797069179
SIR-1S,41,delta_beta_temporal,9,norm,0.0451817335067094,-0.0757171152972913,-0.0003257248530703
SIR-1S,41,delta_beta_temporal,10,norm,0.0502135853319177,-0.0136136426831626,-0.0743035454365393
SIR-1S,41,delta_beta_temporal,11,norm,-0.0113330288621862,0.0192789522157646,0.0067297891780018
SIR-1S,42,rho_h,0,lognorm,0.0067889558731851,0.0187812088183718,0.015918979750159
SIR-1S,42,f_R,0,norm,0.3119417495181006,0.1876216056604058,0.2639205356759252
SIR-1S,42,f_I,0,lognorm,0.0001301449900468,2.7596274682448507e-05,0.0001488039960281
SIR-1S,42,beta,0,norm,0.4467102301622732,0.3986165823209489,0.418472688303359
SIR-1S,42,delta_beta_temporal,0,norm,-0.1112796298497854,-0.0920923942610168,-0.1383983502522695
SIR-1S,42,delta_beta_temporal,1,norm,0.0455673114025206,-0.0394040001020801,-0.0102599845339579
SIR-1S,42,delta_beta_temporal,2,norm,0.095413763400223,-0.1091090171516228,0.1232580059944882
SIR-1S,42,delta_beta_temporal,3,norm,0.1208088548889986,0.0710419351704991,0.0911471902689171
SIR-1S,42,delta_beta_temporal,4,norm,0.1800608394583793,0.212187077245865,0.295180901674473
SIR-1S,42,delta_beta_temporal,5,norm,-0.1166771395936585,-0.0152648786327547,-0.0781012236989561
SIR-1S,42,delta_beta_temporal,6,norm,-0.0806361560462758,0.0283498223387686,-0.1469365922847137
SIR-1S,42,delta_beta_temporal,7,norm,0.0488233477977985,0.0466532606342221,-0.038916623960853
SIR-1S,42,delta_beta_temporal,8,norm,0.0978551366395204,-0.0456693610279103,0.0618669915917466
SIR-1S,42,delta_beta_temporal,9,norm,0.025414224110138,-0.0852522412117547,0.1046936903916145
SIR-1S,42,delta_beta_temporal,10,norm,-0.0231623259789759,-0.0708166016061424,-0.0867289823223451
SIR-1S,42,delta_beta_temporal,11,norm,0.0059620741823401,-0.0453224753157366,0.0458463830537438
SIR-1S,44,rho_h,0,lognorm,0.0027962429686551,0.006069999054746,0.0050992307268293
SIR-1S,44,f_R,0,norm,0.3221493204155219,0.2820099226288844,0.2714142648946305
SIR-1S,44,f_I,0,lognorm,7.129218789160926e-05,8.09663880525585e-06,1.9841836916145085e-05
SIR-1S,44,beta,0,norm,0.4794803348382121,0.4752948350978846,0.4770554599654543
SIR-1S,44,delta_beta_temporal,0,norm,-0.0376776028048376,-0.0520679734854214,-0.0469525496199102
SIR-1S,44,delta_beta_temporal,1,norm,-0.0310279599982651,-0.026558035112755,-0.0403519048193804
SIR-1S,44,delta_beta_temporal,2,norm,0.0237767678023906,-0.0037051559224451,-0.0189014356872034
SIR-1S,44,delta_beta_temporal,3,norm,0.060090068681615,0.0446018031011854,0.1028380864864775
SIR-1S,44,delta_beta_temporal,4,norm,0.070841875339822,0.0633463511859514,0.134454403176844
SIR-1S,44,delta_beta_temporal,5,norm,-0.0061992900267193,-0.0381935386482234,-0.1036758950351832
SIR-1S,44,delta_beta_temporal,6,norm,-0.0564526683869536,0.0396018181894894,-0.1381848624333088
SIR-1S,44,delta_beta_temporal,7,norm,0.011410867951428,0.0850332122437168,-0.0235685649680717
SIR-1S,44,delta_beta_temporal,8,norm,0.0658964984840958,0.004005832098363,0.0557822925849285
SIR-1S,44,delta_beta_temporal,9,norm,0.0304935379935284,0.0014760903451296,0.0602396786080123
SIR-1S,44,delta_beta_temporal,10,norm,0.0254511836935777,0.0190807409037814,0.0565644600918375
SIR-1S,44,delta_beta_temporal,11,norm,0.0315427103403447,0.0412724885915669,0.0418342735606814
SIR-1S,45,rho_h,0,lognorm,0.0059361117626762,0.0067952911684746,0.0045579232567391
SIR-1S,45,f_R,0,norm,0.2988800906030169,0.269905207932047,0.2891972453335459
SIR-1S,45,f_I,0,lognorm,0.0001431761000668,3.108413853125233e-06,2.8817026794219216e-05
SIR-1S,45,beta,0,norm,0.45461100453191,0.4744619546763644,0.4739484203968477
SIR-1S,45,delta_beta_temporal,0,norm,-0.0781637571997609,-0.026721667072865,-0.1296125859119961
SIR-1S,45,delta_beta_temporal,1,norm,0.0054608079899755,-0.0619859805377085,-0.0314177709708327
SIR-1S,45,delta_beta_temporal,2,norm,0.0541131322756009,-0.0357797682462451,0.00811085045634
SIR-1S,45,delta_beta_temporal,3,norm,0.0948937519532333,0.0492061898994847,0.0970948161902294
SIR-1S,45,delta_beta_temporal,4,norm,0.1857085965784997,0.1446869978216338,0.2788707261172761
SIR-1S,45,delta_beta_temporal,5,norm,-0.1568374485648738,-0.0888325221394964,-0.1802758210874616
SIR-1S,45,delta_beta_temporal,6,norm,-0.0586513005510202,0.1007794686133769,-0.0873700386193874
SIR-1S,45,delta_beta_temporal,7,norm,-0.0197667752940805,-0.0065569775317154,0.1450971516189
SIR-1S,45,delta_beta_temporal,8,norm,0.0387477617024167,-0.1097556443222416,0.1016603770481801
SIR-1S,45,delta_beta_temporal,9,norm,0.0319485568554083,0.0830783203123936,-0.0500234849231602
SIR-1S,45,delta_beta_temporal,10,norm,0.0344787220236268,-0.0306975016712878,-0.0559466883838657
SIR-1S,45,delta_beta_temporal,11,norm,0.064166535717464,-0.0193877699709927,0.0113147997257235
SIR-1S,46,rho_h,0,lognorm,0.0038464468385015,0.0047140761261979,0.0043059712146063
SIR-1S,46,f_R,0,norm,0.3053982426397163,0.2794620924494761,0.290147526588672
SIR-1S,46,f_I,0,lognorm,4.443029835173056e-05,5.123236453426935e-06,2.0910026481864656e-05
SIR-1S,46,beta,0,norm,0.4678337643588958,0.4810266567465006,0.4727766736046468
SIR-1S,46,delta_beta_temporal,0,norm,-0.0275769514632269,-0.02697606176351,-0.0631905536066446
SIR-1S,46,delta_beta_temporal,1,norm,-0.0289280048238306,-0.0415644563690273,-0.0317299216119341
SIR-1S,46,delta_beta_temporal,2,norm,-0.0025640263195824,-0.0171243716845413,0.0034590051643006
SIR-1S,46,delta_beta_temporal,3,norm,0.0447928287601359,-0.0042123719311215,0.0612804228958323
SIR-1S,46,delta_beta_temporal,4,norm,0.0791130791295317,0.0451040102533426,0.1298758353509221
SIR-1S,46,delta_beta_temporal,5,norm,-0.0596541503236767,-0.0011509275422927,-0.0193324121975113
SIR-1S,46,delta_beta_temporal,6,norm,-0.0821159935623617,0.0707451451511999,-0.0329868855351081
SIR-1S,46,delta_beta_temporal,7,norm,-0.0032239791767115,0.1383650857373596,0.0143659447049406
SIR-1S,46,delta_beta_temporal,8,norm,0.0986850589885909,-0.0079276397137272,0.0627696796979164
SIR-1S,46,delta_beta_temporal,9,norm,0.0921602691204107,-0.0265461690353427,0.0249695904035456
SIR-1S,46,delta_beta_temporal,10,norm,0.0791078175125077,-0.0037359863019397,0.0268608225390357
SIR-1S,46,delta_beta_temporal,11,norm,0.003418398833614,0.0258465589663129,0.0159205195110081
SIR-1S,47,rho_h,0,lognorm,0.005556736342305,0.0076991299557817,0.007642741295304
SIR-1S,47,f_R,0,norm,0.3218729380350018,0.2744378807689862,0.3034004256157333
SIR-1S,47,f_I,0,lognorm,0.0002376063996627,9.856437296700128e-06,0.0001332482155442
SIR-1S,47,beta,0,norm,0.4523621519786164,0.4700994551127802,0.4491703920520453
SIR-1S,47,delta_beta_temporal,0,norm,-0.0670753571044388,0.0618875500557455,-0.1202325908285021
SIR-1S,47,delta_beta_temporal,1,norm,-0.0094764992934092,-0.0192157765507606,-0.0318283608330735
SIR-1S,47,delta_beta_temporal,2,norm,0.0530350098412309,-0.1800435677552951,0.0169002221236626
SIR-1S,47,delta_beta_temporal,3,norm,0.0983808161846023,0.0339424468279243,0.1299534234217366
SIR-1S,47,delta_beta_temporal,4,norm,0.2173825036318632,0.1845448336874277,0.3225898373379416
SIR-1S,47,delta_beta_temporal,5,norm,-0.0201972586961586,-0.1682274827309179,-0.201975417147687
SIR-1S,47,delta_beta_temporal,6,norm,-0.05238231399092,-0.0273232497714282,-0.0522783695612984
SIR-1S,47,delta_beta_temporal,7,norm,-0.0063121400854955,0.0422536382278282,0.0468073190786336
SIR-1S,47,delta_beta_temporal,8,norm,0.124794391127079,-0.1055411124693796,0.0079165306742668
SIR-1S,47,delta_beta_temporal,9,norm,0.0468756918670806,0.0652443639180445,-0.0291017136860695
SIR-1S,47,delta_beta_temporal,10,norm,0.0195142265324667,-0.0661941106209783,-0.0697622710973093
SIR-1S,47,delta_beta_temporal,11,norm,0.0684230137635225,-0.0638403458883791,0.0089354564996019
SIR-1S,48,rho_h,0,lognorm,0.0053337895141321,0.0073631249382728,0.0098219806885972
SIR-1S,48,f_R,0,norm,0.3406031649789169,0.2735141520389097,0.2952562836457133
SIR-1S,48,f_I,0,lognorm,0.0002657644613776,5.931528083294991e-06,0.0001282994899438
SIR-1S,48,beta,0,norm,0.4598346303192459,0.4761220419811079,0.4300664710203477
SIR-1S,48,delta_beta_temporal,0,norm,0.0537596590558129,-0.0273016866819403,-0.0594050931705184
SIR-1S,48,delta_beta_temporal,1,norm,0.0378864820135926,-0.0119602042321184,0.0857325051202727
SIR-1S,48,delta_beta_temporal,2,norm,0.0429611620991459,-0.0583301652400026,0.0938172400305602
SIR-1S,48,delta_beta_temporal,3,norm,0.1057179047139062,-0.060878270320324,0.095874239917666
SIR-1S,48,delta_beta_temporal,4,norm,0.164654036146199,0.1009495571134149,0.2273658203195191
SIR-1S,48,delta_beta_temporal,5,norm,0.0390792484624933,-0.1771631978133723,-0.1740383645831275
SIR-1S,48,delta_beta_temporal,6,norm,0.0951926966040453,0.0712215700487841,-0.0129217499530787
SIR-1S,48,delta_beta_temporal,7,norm,0.0901640829647563,-0.0817286544408396,0.052528387445937
SIR-1S,48,delta_beta_temporal,8,norm,0.0557789216102682,-0.1945308356778641,-0.0709906061121274
SIR-1S,48,delta_beta_temporal,9,norm,0.0966045845836138,-0.0684232576408568,-0.071904599990283
SIR-1S,48,delta_beta_temporal,10,norm,0.1022044791792962,-0.1188350401827599,-0.1096657060871802
SIR-1S,48,delta_beta_temporal,11,norm,0.1969279962121888,-0.0654652343091692,-0.0382741066755829
SIR-1S,49,rho_h,0,lognorm,0.0011764707382925,0.0045742327359795,0.0024565249286304
SIR-1S,49,f_R,0,norm,0.3252813604080267,0.2873143414326824,0.3066323397815577
SIR-1S,49,f_I,0,lognorm,0.0001643851481685,6.262127830790492e-06,1.7784438143993693e-05
SIR-1S,49,beta,0,norm,0.47337058443641,0.4818999773106589,0.4893531479842287
SIR-1S,49,delta_beta_temporal,0,norm,-0.0167432119445961,-0.0195220078731106,-0.0370833029144757
SIR-1S,49,delta_beta_temporal,1,norm,-0.0104505732560877,-0.0026185161767792,0.008891269416093
SIR-1S,49,delta_beta_temporal,2,norm,0.022316409957786,0.0245872920398987,0.0551296885227719
SIR-1S,49,delta_beta_temporal,3,norm,0.075962489308616,0.0903886214785403,0.0592746354806422
SIR-1S,49,delta_beta_temporal,4,norm,0.1350561118965556,0.1234505943152105,0.1511786286876052
SIR-1S,49,delta_beta_temporal,5,norm,-0.0312763362474435,-0.1233498035292882,-0.1289508631492757
SIR-1S,49,delta_beta_temporal,6,norm,-0.0340628065784479,-0.0996413323235272,-0.094844118584245
SIR-1S,49,delta_beta_temporal,7,norm,0.0025341247445442,0.052445473251501,0.0705836782359543
SIR-1S,49,delta_beta_temporal,8,norm,0.0115078998927374,-0.004943940890027,0.0060836445338181
SIR-1S,49,delta_beta_temporal,9,norm,0.0201289382083968,0.0193455361860682,-0.0009738429247384
SIR-1S,49,delta_beta_temporal,10,norm,0.0125519756885512,0.0068446068403176,0.0130873056075189
SIR-1S,49,delta_beta_temporal,11,norm,0.0003377796851963,0.0186156576000212,0.0018170538043665
SIR-1S,50,rho_h,0,lognorm,0.0033146301642144,0.0054884271279366,0.002937699049267
SIR-1S,50,f_R,0,norm,0.3128538615986723,0.2755595442932629,0.3039272575963858
SIR-1S,50,f_I,0,lognorm,6.619006654174975e-05,8.895279499880167e-06,3.1600673294636253e-05
SIR-1S,50,beta,0,norm,0.4702010634531449,0.4706602875918935,0.4808086765284812
SIR-1S,50,delta_beta_temporal,0,norm,-0.0376653620121106,-0.0468853210150138,-0.0412223025505056
SIR-1S,50,delta_beta_temporal,1,norm,-0.0208089731536957,-0.0366811185806489,-0.0158831217602023
SIR-1S,50,delta_beta_temporal,2,norm,-0.0090591339759587,-0.0291135783630083,-0.0171479457609347
SIR-1S,50,delta_beta_temporal,3,norm,0.0041676767231169,-0.0004198668370219,0.0490272526866738
SIR-1S,50,delta_beta_temporal,4,norm,0.0289557504205826,0.0342089035214605,0.0985556548737535
SIR-1S,50,delta_beta_temporal,5,norm,0.0169008804832903,0.0156913998574021,-0.0074332870741606
SIR-1S,50,delta_beta_temporal,6,norm,0.001320811198383,0.0549665238753627,-0.0255274945001644
SIR-1S,50,delta_beta_temporal,7,norm,0.016363696025182,0.0990025708927558,0.0373780620192065
SIR-1S,50,delta_beta_temporal,8,norm,0.0707235318548266,-0.0068534607924963,0.0327354405587673
SIR-1S,50,delta_beta_temporal,9,norm,0.0452775516685104,-0.0047614591833665,0.0179729372626134
SIR-1S,50,delta_beta_temporal,10,norm,0.0109841370003854,0.079578453680289,0.0181859737523533
SIR-1S,50,delta_beta_temporal,11,norm,0.0141916852097641,0.0297977063159606,-0.0078376867424522
SIR-1S,51,rho_h,0,lognorm,0.0052363413363776,0.006491107935245,0.0042489625556031
SIR-1S,51,f_R,0,norm,0.3018225196346243,0.2901152424529033,0.2942020470539699
SIR-1S,51,f_I,0,lognorm,0.0002431519682918,1.9135126480422245e-05,3.399003635276161e-05
SIR-1S,51,beta,0,norm,0.4479270881079483,0.4629500061818328,0.4674527961934431
SIR-1S,51,delta_beta_temporal,0,norm,-0.0783316874331483,-0.1101670194794565,-0.0893891433337615
SIR-1S,51,delta_beta_temporal,1,norm,0.0036260663793955,-0.0328888219377544,-0.0018529171396977
SIR-1S,51,delta_beta_temporal,2,norm,0.0071195068423644,-0.023060047480169,0.0720703212890926
SIR-1S,51,delta_beta_temporal,3,norm,0.0524223181203036,0.0620726188974219,0.0288291238330906
SIR-1S,51,delta_beta_temporal,4,norm,0.2462357798282395,0.1806801631827599,0.2694155142286375
SIR-1S,51,delta_beta_temporal,5,norm,-0.111149143198557,-0.1038690177636285,-0.1053706265662399
SIR-1S,51,delta_beta_temporal,6,norm,-0.0867136525418177,0.0638543825186968,-0.1020956111459513
SIR-1S,51,delta_beta_temporal,7,norm,-0.0196002652257086,0.1041479538183083,-0.009309666577981
SIR-1S,51,delta_beta_temporal,8,norm,0.1262961704972688,-0.0775537750077312,0.0941727930410712
SIR-1S,51,delta_beta_temporal,9,norm,0.0293265965808994,0.0212698864487807,-0.0187019064430226
SIR-1S,51,delta_beta_temporal,10,norm,0.0320841202894239,-0.0523240947041671,-0.0929359425589135
SIR-1S,51,delta_beta_temporal,11,norm,0.0874462330820947,-0.0522728962859871,0.0257782540820076
SIR-1S,53,rho_h,0,lognorm,0.0029805246138196,0.0044921551028094,0.0033844069357545
SIR-1S,53,f_R,0,norm,0.3416524364088646,0.2892344963024441,0.3215477460212658
SIR-1S,53,f_I,0,lognorm,0.000149430169877,6.694376299234893e-06,5.36044246963222e-05
SIR-1S,53,beta,0,norm,0.4664107344353088,0.4848546936971926,0.469162007268281
SIR-1S,53,delta_beta_temporal,0,norm,-0.0476852301007249,-0.044487553586551,-0.0332823607000517
SIR-1S,53,delta_beta_temporal,1,norm,0.0392711773704963,-0.0173531724608371,-0.002785065438461
SIR-1S,53,delta_beta_temporal,2,norm,0.1038093129017031,0.025893740533179,0.0227761778716997
SIR-1S,53,delta_beta_temporal,3,norm,0.0916260910098247,0.1421879510688117,0.0395179404403143
SIR-1S,53,delta_beta_temporal,4,norm,0.1232011238284669,0.0882846423091669,0.1256524519689298
SIR-1S,53,delta_beta_temporal,5,norm,-0.0309294473047338,-0.1995578224487066,-0.0121583344839359
SIR-1S,53,delta_beta_temporal,6,norm,-0.0682627693973032,0.003490622901247,0.0110064665231332
SIR-1S,53,delta_beta_temporal,7,norm,-0.0369673188598434,0.1007731002358542,0.0415505842009541
SIR-1S,53,delta_beta_temporal,8,norm,0.0331050302334935,-0.0299740564731217,-0.0536083678189881
SIR-1S,53,delta_beta_temporal,9,norm,0.0481844203061927,-0.1049021448342859,-0.0651910629891008
SIR-1S,53,delta_beta_temporal,10,norm,0.0296295638742581,0.0163765858625532,-0.0506038556193357
SIR-1S,53,delta_beta_temporal,11,norm,0.0100118989104766,0.0170631840485334,0.045868863457916
SIR-1S,54,rho_h,0,lognorm,0.0052608547721435,0.0085978901803972,0.0052277294059562
SIR-1S,54,f_R,0,norm,0.2784879466179448,0.2555432056454925,0.2789629938094463
SIR-1S,54,f_I,0,lognorm,1.6810847926605245e-05,1.6551906960652363e-06,4.7373428451593115e-06
SIR-1S,54,beta,0,norm,0.4695802656787011,0.4727250123496334,0.4794671639201845
SIR-1S,54,delta_beta_temporal,0,norm,-0.0454030153229985,-0.041352118461333,-0.0527262691933091
SIR-1S,54,delta_beta_temporal,1,norm,-0.0324128305310651,-0.0333909006370373,-0.0372566055485048
SIR-1S,54,delta_beta_temporal,2,norm,-0.0157923904996447,-0.0272725703364463,0.0219313432122327
SIR-1S,54,delta_beta_temporal,3,norm,0.0320265578196186,0.0109140761529177,0.069559913126784
SIR-1S,54,delta_beta_temporal,4,norm,0.1268796316263684,0.1296177004410048,0.1815933062888515
SIR-1S,54,delta_beta_temporal,5,norm,-0.0548006501431444,-0.110489974204338,-0.0960720346158738
SIR-1S,54,delta_beta_temporal,6,norm,-0.0656323111103297,-0.0808628834789634,-0.0234802103443903
SIR-1S,54,delta_beta_temporal,7,norm,0.0311096658733479,0.1552329093605683,-0.0309547600750025
SIR-1S,54,delta_beta_temporal,8,norm,0.1173148930019659,0.0405580845944925,0.0817291498304251
SIR-1S,54,delta_beta_temporal,9,norm,0.0577338980114388,0.0767137257155883,0.054345838161716
SIR-1S,54,delta_beta_temporal,10,norm,0.0453079699776198,0.0727578433517089,-0.0461225972986172
SIR-1S,54,delta_beta_temporal,11,norm,0.016997378561627,-0.018517485412118,0.0129374747218518
SIR-1S,55,rho_h,0,lognorm,0.0029124940161865,0.0062390027982087,0.004185563498712
SIR-1S,55,f_R,0,norm,0.2964384101350658,0.2748876442112639,0.2639080843219462
SIR-1S,55,f_I,0,lognorm,2.1472254533464744e-05,1.8177409932490488e-06,5.9503351242152204e-06
SIR-1S,55,beta,0,norm,0.4756007010635595,0.482818384828059,0.473058786905012
SIR-1S,55,delta_beta_temporal,0,norm,-0.0353873725325388,-0.037065116071521,-0.0862265639160717
SIR-1S,55,delta_beta_temporal,1,norm,-0.0129528407406334,-0.042481869745408,-0.0426304397765924
SIR-1S,55,delta_beta_temporal,2,norm,0.0434924195064163,-0.0361637512670082,0.0538374194126188
SIR-1S,55,delta_beta_temporal,3,norm,0.0510803420004534,0.0640731255279489,0.0730660871580831
SIR-1S,55,delta_beta_temporal,4,norm,0.0761571238714752,0.1033561283892693,0.2287986827754192
SIR-1S,55,delta_beta_temporal,5,norm,-0.0777325368578839,-0.0611292454864057,-0.131099834904419
SIR-1S,55,delta_beta_temporal,6,norm,-0.1217815122506209,0.0533623346165689,-0.1536940979768824
SIR-1S,55,delta_beta_temporal,7,norm,0.0769974525093759,0.0127539081443538,0.0637963800951637
SIR-1S,55,delta_beta_temporal,8,norm,0.0851584531525272,0.0076666044348178,0.0774553868884255
SIR-1S,55,delta_beta_temporal,9,norm,0.0923034051038536,-0.0534132331058684,0.0774261125496771
SIR-1S,55,delta_beta_temporal,10,norm,0.0757410273348977,-0.0636468251835278,0.0827821959298781
SIR-1S,55,delta_beta_temporal,11,norm,0.0586404541460967,0.0156193557373253,0.0017664085466279
SIR-1S,56,rho_h,0,lognorm,0.005125651390942,0.0074303192700867,0.0039785646225932
SIR-1S,56,f_R,0,norm,0.282873892558594,0.2700251165982476,0.2996789700650737
SIR-1S,56,f_I,0,lognorm,5.783580682714499e-05,1.2326310156858028e-05,6.610705300420666e-05
SIR-1S,56,beta,0,norm,0.4688447303823071,0.4705081906017591,0.4735932131037356
SIR-1S,56,delta_beta_temporal,0,norm,-0.0370064239437786,-0.0319248503767503,-0.0260604094253561
SIR-1S,56,delta_beta_temporal,1,norm,-0.0024235835681795,-0.0320869983001897,-0.0180634654574342
SIR-1S,56,delta_beta_temporal,2,norm,0.0174899905705295,-0.0138021998268069,0.0048665728187865
SIR-1S,56,delta_beta_temporal,3,norm,0.0081354344450941,0.0265072725193529,0.0641369791958004
SIR-1S,56,delta_beta_temporal,4,norm,0.0510951235298426,0.0890059844993159,0.0788046654825088
SIR-1S,56,delta_beta_temporal,5,norm,-0.013594534527864,-0.0533324978654443,-0.0325162287132912
SIR-1S,56,delta_beta_temporal,6,norm,-0.0196712361907466,0.0031523823831647,-0.0685573298416821
SIR-1S,56,delta_beta_temporal,7,norm,0.0736349060513316,0.0545613087816068,0.033214661193205
SIR-1S,56,delta_beta_temporal,8,norm,0.0420386964531769,0.0722388981528858,0.0184879397266462
SIR-1S,56,delta_beta_temporal,9,norm,0.0101288307518787,0.0520296428355382,0.0189082767384728
SIR-1S,56,delta_beta_temporal,10,norm,0.0039377340595089,0.0191521598287061,0.0229451762649335
SIR-1S,56,delta_beta_temporal,11,norm,0.0067221257645165,-0.0152052663532649,0.0208180204442339
SIR-1S,72,rho_h,0,lognorm,0.006329810232557,0.0168217898019241,0.0165353509263832
SIR-1S,72,f_R,0,norm,0.3035652715017698,0.1651890949845965,0.2581869938815877
SIR-1S,72,f_I,0,lognorm,0.0010814542216099,3.1149568552145125e-06,0.0005819286548421
SIR-1S,72,beta,0,norm,0.4487242249165014,0.4362684147781118,0.4048165490138596
SIR-1S,72,delta_beta_temporal,0,norm,0.0070371111828172,-0.0165959408086948,-0.1169200914150811
SIR-1S,72,delta_beta_temporal,1,norm,-0.0442891254564128,0.1004792072949619,0.0862003664516173
SIR-1S,72,delta_beta_temporal,2,norm,-0.076094023823973,-0.0802529321136852,0.0982404185246609
SIR-1S,72,delta_beta_temporal,3,norm,-0.0903254368897351,-0.1163459360695249,0.0376633860097842
SIR-1S,72,delta_beta_temporal,4,norm,0.0143584650167553,-0.0738001930664751,0.119387132250957
SIR-1S,72,delta_beta_temporal,5,norm,0.0230464040121054,-0.0459396166042508,-0.0038821078413842
SIR-1S,72,delta_beta_temporal,6,norm,0.0149074474113038,-0.3198474723399005,-0.0628510207154424
SIR-1S,72,delta_beta_temporal,7,norm,0.0782949475503599,-0.1257857867811462,-0.0161360988058457
SIR-1S,72,delta_beta_temporal,8,norm,0.0535747130185412,-0.0599694677473311,0.0219539894818751
SIR-1S,72,delta_beta_temporal,9,norm,0.0912910931301961,-0.0155897016479405,0.0663848331710731
SIR-1S,72,delta_beta_temporal,10,norm,0.0590039698531916,-0.1122582516135375,0.028485559151953
SIR-1S,72,delta_beta_temporal,11,norm,0.0648891640440593,0.0017925600243416,0.1398371022893046
